PlayerName,MatchPlayingOrder,BowlerName,OutDesc,Runs,Balls,DotBalls,Fours,Sixes
Ruturaj  Gaikwad,1,Umesh Yadav,c Nitish Rana b Umesh Yadav,0,4,4,0,0
Devon Conway,2,Umesh Yadav,c Shreyas Iyer b Umesh Yadav,3,8,5,0,0
Robin Uthappa,3,Varun Chakaravarthy,st Sheldon Jackson b Varun Chakaravarthy,28,21,10,2,2
Ambati Rayudu,4,Sunil Narine,run out (Shreyas Iyer),15,17,10,1,1
Ravindra Jadeja,5,,not out,26,28,8,0,1
Shivam Dube,7,Andre Russell,c Sunil Narine b Andre Russell,3,6,3,0,0
MS Dhoni,6,,not out,50,38,16,7,1
Dwayne Bravo,8,,,0,0,0,0,0
Adam Milne,9,,,0,0,0,0,0
Tushar Deshpande,10,,,0,0,0,0,0
Mitchell Santner,11,,,0,0,0,0,0
Ajinkya Rahane,2,Mitchell Santner,c Ravindra Jadeja b Mitchell Santner,44,34,15,6,1
Venkatesh Iyer,3,Dwayne Bravo,c MS Dhoni b Dwayne Bravo,16,16,9,2,0
Nitish Rana,4,Dwayne Bravo,c Ambati Rayudu b Dwayne Bravo,21,17,7,2,1
Shreyas Iyer,1,,not out,20,19,4,1,0
Sam Billings,6,Dwayne Bravo,c Tushar Deshpande b Dwayne Bravo,25,22,8,1,1
Sheldon Jackson,8,,not out,3,3,0,0,0
Andre Russell,5,,,0,0,0,0,0
Sunil Narine,7,,,0,0,0,0,0
Shivam Mavi,9,,,0,0,0,0,0
Umesh Yadav,10,,,0,0,0,0,0
Varun Chakaravarthy,11,,,0,0,0,0,0
Rohit Sharma,2,Kuldeep Yadav,c Rovman Powell b Kuldeep Yadav,41,32,14,4,2
Ishan Kishan,1,,not out,81,48,12,11,2
Anmolpreet Singh,4,Kuldeep Yadav,c Lalit Yadav b Kuldeep Yadav,8,9,3,0,0
Tilak Varma,3,Khaleel Ahmed,c Prithvi Shaw b Khaleel Ahmed,22,15,4,3,0
Kieron Pollard,5,Kuldeep Yadav,c Tim Seifert b Kuldeep Yadav,3,6,3,0,0
Tim David,6,Khaleel Ahmed,c Mandeep Singh b Khaleel Ahmed,12,8,2,0,1
Daniel Sams,7,,not out,7,2,0,0,1
Murugan Ashwin,8,,,0,0,0,0,0
Tymal Mills,9,,,0,0,0,0,0
Jasprit Bumrah,10,,,0,0,0,0,0
Basil Thampi,11,,,0,0,0,0,0
Prithvi Shaw,1,Basil Thampi,c Ishan Kishan b Basil Thampi,38,24,10,4,2
Tim Seifert,2,Murugan Ashwin,b Murugan Ashwin,21,14,7,4,0
Mandeep Singh,3,Murugan Ashwin,c Tilak Varma b Murugan Ashwin,0,2,2,0,0
Rishabh Pant,4,Tymal Mills,c Tim David b Tymal Mills,1,2,1,0,0
Lalit Yadav,6,,not out,48,38,13,4,2
Rovman Powell,5,Basil Thampi,c Daniel Sams b Basil Thampi,0,2,2,0,0
Shardul Thakur,8,Basil Thampi,c Rohit Sharma b Basil Thampi,22,11,2,4,0
Axar Patel,7,,not out,38,17,2,2,3
Khaleel Ahmed,9,,,0,0,0,0,0
Kuldeep Yadav,10,,,0,0,0,0,0
Kamlesh Nagarkoti,11,,,0,0,0,0,0
Faf Du Plessis,1,Arshdeep Singh,c Shahrukh Khan b Arshdeep Singh,88,57,21,3,7
Anuj Rawat,2,Rahul Chahar,b Rahul Chahar,21,20,12,2,1
Virat Kohli,3,,not out,41,29,5,1,2
Dinesh Karthik,4,,not out,32,14,6,3,3
Sherfane Rutherford,5,,,0,0,0,0,0
David Willey,6,,,0,0,0,0,0
Wanindu Hasaranga,7,,,0,0,0,0,0
Shahbaz Ahmed,8,,,0,0,0,0,0
Harshal Patel,9,,,0,0,0,0,0
Mohammed Siraj,10,,,0,0,0,0,0
Akash Deep,11,,,0,0,0,0,0
Mayank Agarwal,6,Wanindu Hasaranga,c Shahbaz Ahmed b Wanindu Hasaranga,32,24,9,2,2
Shikhar Dhawan,7,Harshal Patel,c Anuj Rawat b Harshal Patel,43,29,8,5,1
Bhanuka Rajapaksa,9,Mohammed Siraj,c Shahbaz Ahmed b Mohammed Siraj,43,22,8,2,4
Liam Livingstone,8,Akash Deep,c Anuj Rawat b Akash Deep,19,10,3,0,2
Rajangad Bawa,11,Mohammed Siraj,lbw Mohammed Siraj,0,1,1,0,0
Shahrukh Khan,10,,not out,24,20,11,1,2
Odean Smith,1,,not out,25,8,1,1,3
Rahul Chahar,2,,,0,0,0,0,0
Sandeep Sharma,3,,,0,0,0,0,0
Harpreet Brar,4,,,0,0,0,0,0
Arshdeep Singh,5,,,0,0,0,0,0
K L Rahul,1,Mohammad Shami,c Matthew Wade b Mohammad Shami,0,1,1,0,0
Quinton De Kock,4,Mohammad Shami,b Mohammad Shami,7,9,5,1,0
Evin Lewis,5,Varun Aaron,c Shubman Gill b Varun Aaron,10,9,5,2,0
Manish Pandey,2,Mohammad Shami,b Mohammad Shami,6,5,2,1,0
Deepak Hooda,7,Rashid Khan,lbw Rashid Khan,55,41,17,6,2
Ayush Badoni,8,Varun Aaron,c Hardik Pandya b Varun Aaron,54,41,15,4,3
Krunal Pandya,3,,not out,21,13,2,3,0
Dushmantha Chameera,6,,not out,1,1,0,0,0
Avesh Khan,9,,,0,0,0,0,0
Mohsin Khan,10,,,0,0,0,0,0
Ravi Bishnoi,11,,,0,0,0,0,0
Shubman Gill,2,Dushmantha Chameera,c Deepak Hooda b Dushmantha Chameera,0,3,3,0,0
Matthew Wade,3,Deepak Hooda,b Deepak Hooda,30,29,14,4,0
Vijay Shankar,4,Dushmantha Chameera,b Dushmantha Chameera,4,6,3,0,0
Hardik Pandya,1,Krunal Pandya,c Manish Pandey b Krunal Pandya,33,28,16,5,1
David Miller,5,Avesh Khan,c K L Rahul b Avesh Khan,30,21,5,1,2
Rahul Tewatia,6,,not out,40,24,9,5,2
Abhinav Manohar,7,,not out,15,7,1,3,0
Lockie Ferguson,8,,,0,0,0,0,0
Rashid Khan,9,,,0,0,0,0,0
Mohammad Shami,10,,,0,0,0,0,0
Varun Aaron,11,,,0,0,0,0,0
Jos Buttler,1,Umran Malik,c Nicholas Pooran b Umran Malik,35,28,17,3,3
Yashasvi Jaiswal,2,Romario Shepherd,c Aiden Markram b Romario Shepherd,20,16,7,2,1
Sanju Samson,4,Bhuvneshwar Kumar,c Abdul Samad b Bhuvneshwar Kumar,55,27,9,3,5
Devdutt Padikkal,3,Umran Malik,b Umran Malik,41,29,12,4,2
Shimron Hetmyer,5,T Natarajan,b T Natarajan,32,13,3,2,3
Riyan Parag,6,T Natarajan,c Nicholas Pooran b T Natarajan,12,9,3,2,0
Nathan Coulter-Nile,8,,not out,1,2,1,0,0
Ravichandran Ashwin,7,,,0,0,0,0,0
Prasidh Krishna,9,,,0,0,0,0,0
Trent Boult,10,,,0,0,0,0,0
Yuzvendra Chahal,11,,,0,0,0,0,0
Kane Williamson,3,Prasidh Krishna,c Devdutt Padikkal b Prasidh Krishna,2,7,6,0,0
Abhishek Sharma,1,Yuzvendra Chahal,c Shimron Hetmyer b Yuzvendra Chahal,9,19,13,1,0
Rahul Tripathi,4,Prasidh Krishna,c Sanju Samson b Prasidh Krishna,0,3,3,0,0
Nicholas Pooran,5,Trent Boult,lbw Trent Boult,0,9,9,0,0
Aiden Markram,2,,not out,57,41,10,5,2
Abdul Samad,6,Yuzvendra Chahal,c Riyan Parag b Yuzvendra Chahal,4,6,2,0,0
Romario Shepherd,7,Yuzvendra Chahal,b Yuzvendra Chahal,24,18,8,0,2
Washington Sundar,8,Trent Boult,c Shimron Hetmyer b Trent Boult,40,14,1,5,2
Bhuvneshwar Kumar,9,,not out,3,4,1,0,0
T Natarajan,10,,,0,0,0,0,0
Umran Malik,11,,,0,0,0,0,0
Ajinkya Rahane,2,Mohammed Siraj,c Shahbaz Ahmed b Mohammed Siraj,9,10,5,1,0
Venkatesh Iyer,3,Akash Deep,c & b Akash Deep,10,14,9,1,0
Shreyas Iyer,1,Wanindu Hasaranga,c Faf Du Plessis b Wanindu Hasaranga,13,10,3,2,0
Nitish Rana,4,Akash Deep,c David Willey b Akash Deep,10,5,3,1,1
Sunil Narine,7,Wanindu Hasaranga,c Akash Deep b Wanindu Hasaranga,12,8,4,1,1
Sam Billings,6,Harshal Patel,c Virat Kohli b Harshal Patel,14,15,8,0,1
Sheldon Jackson,8,Wanindu Hasaranga,b Wanindu Hasaranga,0,1,1,0,0
Andre Russell,5,Harshal Patel,c Dinesh Karthik b Harshal Patel,25,18,12,1,3
Tim Southee,9,Wanindu Hasaranga,c Faf Du Plessis b Wanindu Hasaranga,1,5,4,0,0
Umesh Yadav,10,Akash Deep,b Akash Deep,18,12,5,2,1
Varun Chakaravarthy,11,,not out,10,16,12,2,0
Faf Du Plessis,1,Tim Southee,c Ajinkya Rahane b Tim Southee,5,4,2,1,0
Anuj Rawat,2,Umesh Yadav,c Sheldon Jackson b Umesh Yadav,0,2,2,0,0
Virat Kohli,5,Umesh Yadav,c Sheldon Jackson b Umesh Yadav,12,7,3,2,0
David Willey,6,Sunil Narine,c Nitish Rana b Sunil Narine,18,28,20,3,0
Sherfane Rutherford,4,Tim Southee,c Sheldon Jackson b Tim Southee,28,40,21,1,1
Shahbaz Ahmed,8,Varun Chakaravarthy,st Sheldon Jackson b Varun Chakaravarthy,27,20,9,0,3
Dinesh Karthik,3,,not out,14,7,1,1,1
Wanindu Hasaranga,7,Tim Southee,c Andre Russell b Tim Southee,4,3,2,1,0
Harshal Patel,9,,not out,10,6,2,2,0
Mohammed Siraj,10,,,0,0,0,0,0
Akash Deep,11,,,0,0,0,0,0
Robin Uthappa,2,Ravi Bishnoi,lbw Ravi Bishnoi,50,27,9,8,1
Ruturaj  Gaikwad,1,Andrew Tye,run out (Ravi Bishnoi),1,4,3,0,0
Moeen Ali,3,Avesh Khan,b Avesh Khan,35,22,10,4,2
Shivam Dube,5,Avesh Khan,c Evin Lewis b Avesh Khan,49,30,8,5,2
Ambati Rayudu,4,Ravi Bishnoi,b Ravi Bishnoi,27,20,9,2,2
Ravindra Jadeja,6,Andrew Tye,c Manish Pandey b Andrew Tye,17,9,2,3,0
MS Dhoni,7,,not out,16,6,2,2,1
Dwaine Pretorius,9,Andrew Tye,lbw Andrew Tye,0,1,1,0,0
Dwayne Bravo,8,,not out,1,1,0,0,0
Tushar Deshpande,10,,,0,0,0,0,0
Mukesh Choudhary,11,,,0,0,0,0,0
K L Rahul,1,Dwaine Pretorius,c Ambati Rayudu b Dwaine Pretorius,40,26,9,2,3
Quinton De Kock,2,Dwaine Pretorius,c MS Dhoni b Dwaine Pretorius,61,45,15,9,0
Manish Pandey,4,Tushar Deshpande,c Dwayne Bravo b Tushar Deshpande,5,6,3,0,0
Evin Lewis,3,,not out,55,23,4,6,3
Deepak Hooda,5,Dwayne Bravo,c Ravindra Jadeja b Dwayne Bravo,13,8,3,1,1
Ayush Badoni,6,,not out,19,9,2,0,2
Krunal Pandya,7,,,0,0,0,0,0
Andrew Tye,8,,,0,0,0,0,0
Dushmantha Chameera,9,,,0,0,0,0,0
Ravi Bishnoi,10,,,0,0,0,0,0
Avesh Khan,11,,,0,0,0,0,0
Mayank Agarwal,1,Umesh Yadav,lbw Umesh Yadav,1,5,4,0,0
Shikhar Dhawan,2,Tim Southee,c Sam Billings b Tim Southee,16,15,7,1,1
Bhanuka Rajapaksa,3,Shivam Mavi,c Tim Southee b Shivam Mavi,31,9,2,3,3
Liam Livingstone,4,Umesh Yadav,c Tim Southee b Umesh Yadav,19,16,7,1,1
Rajangad Bawa,5,Sunil Narine,b Sunil Narine,11,13,6,1,0
Shahrukh Khan,6,Tim Southee,c Nitish Rana b Tim Southee,0,5,5,0,0
Harpreet Brar,10,Umesh Yadav,b Umesh Yadav,14,18,12,1,1
Odean Smith,7,,not out,9,12,8,0,1
Rahul Chahar,8,Umesh Yadav,c Nitish Rana b Umesh Yadav,0,2,2,0,0
Kagiso Rabada,9,Andre Russell,c Tim Southee b Andre Russell,25,16,8,4,1
Arshdeep Singh,11,Andre Russell,run out (Nitish Rana),0,1,1,0,0
Ajinkya Rahane,1,Kagiso Rabada,c Odean Smith b Kagiso Rabada,12,11,8,3,0
Venkatesh Iyer,2,Odean Smith,c Harpreet Brar b Odean Smith,3,7,4,0,0
Shreyas Iyer,3,Rahul Chahar,c Kagiso Rabada b Rahul Chahar,26,15,5,5,0
Sam Billings,5,,not out,24,23,9,1,1
Nitish Rana,4,Rahul Chahar,lbw Rahul Chahar,0,2,2,0,0
Andre Russell,6,,not out,70,31,10,2,8
Sunil Narine,7,,,0,0,0,0,0
Tim Southee,8,,,0,0,0,0,0
Shivam Mavi,9,,,0,0,0,0,0
Umesh Yadav,10,,,0,0,0,0,0
Varun Chakaravarthy,11,,,0,0,0,0,0
Jos Buttler,1,Jasprit Bumrah,b Jasprit Bumrah,100,68,28,11,5
Yashasvi Jaiswal,2,Jasprit Bumrah,c Tim David b Jasprit Bumrah,1,2,1,0,0
Devdutt Padikkal,4,Tymal Mills,c Rohit Sharma b Tymal Mills,7,7,4,1,0
Sanju Samson,3,Kieron Pollard,c Tilak Varma b Kieron Pollard,30,21,9,1,3
Shimron Hetmyer,5,Jasprit Bumrah,c Tilak Varma b Jasprit Bumrah,35,14,3,3,3
Riyan Parag,6,Tymal Mills,c Tim David b Tymal Mills,5,4,2,1,0
Ravichandran Ashwin,7,Jasprit Bumrah,run out (Tilak Varma),1,1,0,0,0
Navdeep Saini,11,Tymal Mills,c Ishan Kishan b Tymal Mills,2,2,1,0,0
Trent Boult,8,,not out,1,1,0,0,0
Yuzvendra Chahal,9,,,0,0,0,0,0
Prasidh Krishna,10,,,0,0,0,0,0
Ishan Kishan,2,Trent Boult,c Navdeep Saini b Trent Boult,54,43,13,5,1
Rohit Sharma,1,Prasidh Krishna,c Riyan Parag b Prasidh Krishna,10,5,2,0,1
Anmolpreet Singh,3,Navdeep Saini,c Devdutt Padikkal b Navdeep Saini,5,4,2,1,0
Tilak Varma,4,Ravichandran Ashwin,b Ravichandran Ashwin,61,33,8,3,5
Kieron Pollard,6,Navdeep Saini,c Jos Buttler b Navdeep Saini,22,24,17,3,1
Tim David,5,Yuzvendra Chahal,lbw Yuzvendra Chahal,1,3,2,0,0
Daniel Sams,7,Yuzvendra Chahal,c Jos Buttler b Yuzvendra Chahal,0,1,1,0,0
Murugan Ashwin,8,Prasidh Krishna,run out (Sanju Samson),6,8,5,1,0
Jasprit Bumrah,10,,not out,0,1,1,0,0
Tymal Mills,9,,,0,0,0,0,0
Basil Thampi,11,,,0,0,0,0,0
Matthew Wade,2,Mustafizur Rahman,c Rishabh Pant b Mustafizur Rahman,1,2,1,0,0
Shubman Gill,1,Khaleel Ahmed,c Axar Patel b Khaleel Ahmed,84,46,6,6,4
Vijay Shankar,3,Kuldeep Yadav,b Kuldeep Yadav,13,20,11,1,0
Hardik Pandya,5,Khaleel Ahmed,c Rovman Powell b Khaleel Ahmed,31,27,11,4,0
David Miller,4,,not out,20,15,3,2,0
Rahul Tewatia,6,Mustafizur Rahman,c Shardul Thakur b Mustafizur Rahman,14,8,3,1,1
Abhinav Manohar,7,Mustafizur Rahman,c Axar Patel b Mustafizur Rahman,1,2,1,0,0
Rashid Khan,9,,not out,0,1,1,0,0
Lockie Ferguson,8,,,0,0,0,0,0
Mohammad Shami,10,,,0,0,0,0,0
Varun Aaron,11,,,0,0,0,0,0
Prithvi Shaw,1,Lockie Ferguson,c Vijay Shankar b Lockie Ferguson,10,7,1,1,0
Tim Seifert,2,Hardik Pandya,c Abhinav Manohar b Hardik Pandya,3,5,3,0,0
Mandeep Singh,3,Lockie Ferguson,c Matthew Wade b Lockie Ferguson,18,16,10,4,0
Rishabh Pant,4,Lockie Ferguson,c Abhinav Manohar b Lockie Ferguson,43,29,7,7,0
Lalit Yadav,6,Vijay Shankar,run out (Abhinav Manohar),25,22,11,2,1
Rovman Powell,5,Mohammad Shami,lbw Mohammad Shami,20,12,3,2,1
Axar Patel,7,Lockie Ferguson,c Matthew Wade b Lockie Ferguson,8,4,2,2,0
Shardul Thakur,8,Rashid Khan,lbw Rashid Khan,2,5,4,0,0
Kuldeep Yadav,9,,not out,14,14,5,0,1
Khaleel Ahmed,10,Mohammad Shami,c Matthew Wade b Mohammad Shami,0,1,1,0,0
Mustafizur Rahman,11,,not out,3,5,2,0,0
Mayank Agarwal,10,Mukesh Choudhary,c Robin Uthappa b Mukesh Choudhary,4,2,1,1,0
Shikhar Dhawan,8,Dwayne Bravo,c Ravindra Jadeja b Dwayne Bravo,33,24,11,4,1
Bhanuka Rajapaksa,4,Chris Jordan,run out (Chris Jordan),9,5,2,0,1
Liam Livingstone,5,Ravindra Jadeja,c Ambati Rayudu b Ravindra Jadeja,60,32,14,5,5
Jitesh Sharma,7,Dwaine Pretorius,c Robin Uthappa b Dwaine Pretorius,26,17,7,0,3
Shahrukh Khan,9,Chris Jordan,c Dwaine Pretorius b Chris Jordan,6,11,6,0,0
Odean Smith,6,Chris Jordan,c Dwayne Bravo b Chris Jordan,3,7,4,0,0
Kagiso Rabada,1,,not out,12,12,5,1,0
Rahul Chahar,3,Dwaine Pretorius,c Dwayne Bravo b Dwaine Pretorius,12,8,4,1,1
Vaibhav Arora,2,,not out,1,2,1,0,0
Arshdeep Singh,11,,,0,0,0,0,0
Robin Uthappa,1,Vaibhav Arora,c Mayank Agarwal b Vaibhav Arora,13,10,4,2,0
Ruturaj  Gaikwad,2,Kagiso Rabada,c Shikhar Dhawan b Kagiso Rabada,1,4,3,0,0
Moeen Ali,3,Vaibhav Arora,b Vaibhav Arora,0,2,2,0,0
Ambati Rayudu,5,Odean Smith,c Jitesh Sharma b Odean Smith,13,21,14,2,0
Ravindra Jadeja,6,Arshdeep Singh,b Arshdeep Singh,0,3,3,0,0
Shivam Dube,4,Liam Livingstone,c Arshdeep Singh b Liam Livingstone,57,30,8,6,3
MS Dhoni,7,Rahul Chahar,c Jitesh Sharma b Rahul Chahar,23,28,13,1,1
Dwayne Bravo,9,Liam Livingstone,c & b Liam Livingstone,0,1,1,0,0
Dwaine Pretorius,8,Rahul Chahar,c Arshdeep Singh b Rahul Chahar,8,4,2,0,1
Chris Jordan,10,Rahul Chahar,c Liam Livingstone b Rahul Chahar,5,5,2,0,0
Mukesh Choudhary,11,,not out,2,2,0,0,0
K L Rahul,1,T Natarajan,lbw T Natarajan,68,50,12,6,1
Quinton De Kock,2,Washington Sundar,c Kane Williamson b Washington Sundar,1,4,3,0,0
Evin Lewis,4,Washington Sundar,lbw Washington Sundar,1,5,4,0,0
Manish Pandey,3,Romario Shepherd,c Bhuvneshwar Kumar b Romario Shepherd,11,10,7,1,1
Deepak Hooda,5,Romario Shepherd,c Rahul Tripathi b Romario Shepherd,51,33,8,3,3
Ayush Badoni,6,Romario Shepherd,run out (Nicholas Pooran),19,12,3,3,0
Krunal Pandya,7,T Natarajan,b T Natarajan,6,3,1,1,0
Jason Holder,8,,not out,8,3,0,0,1
Andrew Tye,9,,,0,0,0,0,0
Avesh Khan,10,,,0,0,0,0,0
Ravi Bishnoi,11,,,0,0,0,0,0
Abhishek Sharma,2,Avesh Khan,c Manish Pandey b Avesh Khan,13,11,4,2,0
Kane Williamson,1,Avesh Khan,c Andrew Tye b Avesh Khan,16,16,8,1,1
Rahul Tripathi,3,Krunal Pandya,c Ravi Bishnoi b Krunal Pandya,44,30,10,5,1
Aiden Markram,5,Krunal Pandya,c K L Rahul b Krunal Pandya,12,14,3,0,0
Nicholas Pooran,4,Avesh Khan,c Deepak Hooda b Avesh Khan,34,24,9,3,2
Washington Sundar,8,Jason Holder,c K L Rahul b Jason Holder,18,14,2,1,0
Abdul Samad,6,Avesh Khan,c Quinton De Kock b Avesh Khan,0,1,1,0,0
Romario Shepherd,7,Jason Holder,c Ayush Badoni b Jason Holder,8,8,5,0,1
Bhuvneshwar Kumar,9,Jason Holder,c Quinton De Kock b Jason Holder,1,2,1,0,0
Umran Malik,11,,not out,1,1,0,0,0
T Natarajan,10,,,0,0,0,0,0
Jos Buttler,1,,not out,70,47,11,0,6
Yashasvi Jaiswal,2,David Willey,b David Willey,4,6,3,0,0
Devdutt Padikkal,3,Harshal Patel,c Virat Kohli b Harshal Patel,37,29,13,2,2
Sanju Samson,4,Wanindu Hasaranga,c & b Wanindu Hasaranga,8,8,5,0,1
Shimron Hetmyer,5,,not out,42,31,12,4,2
Riyan Parag,6,,,0,0,0,0,0
Ravichandran Ashwin,7,,,0,0,0,0,0
Navdeep Saini,8,,,0,0,0,0,0
Prasidh Krishna,9,,,0,0,0,0,0
Trent Boult,10,,,0,0,0,0,0
Yuzvendra Chahal,11,,,0,0,0,0,0
Faf Du Plessis,1,Yuzvendra Chahal,c Trent Boult b Yuzvendra Chahal,29,20,7,5,0
Anuj Rawat,2,Navdeep Saini,c Sanju Samson b Navdeep Saini,26,25,11,4,0
Virat Kohli,3,Yuzvendra Chahal,run out (Sanju Samson),5,6,2,0,0
David Willey,7,Yuzvendra Chahal,b Yuzvendra Chahal,0,2,2,0,0
Sherfane Rutherford,4,Trent Boult,c Navdeep Saini b Trent Boult,5,10,5,0,0
Shahbaz Ahmed,6,Trent Boult,b Trent Boult,45,26,9,4,3
Dinesh Karthik,5,,not out,44,23,6,7,1
Harshal Patel,9,,not out,9,4,0,0,1
Wanindu Hasaranga,8,,,0,0,0,0,0
Mohammed Siraj,10,,,0,0,0,0,0
Akash Deep,11,,,0,0,0,0,0
Rohit Sharma,2,Umesh Yadav,c Sam Billings b Umesh Yadav,3,12,9,0,0
Ishan Kishan,1,Pat Cummins,c Shreyas Iyer b Pat Cummins,14,21,11,1,0
Dewald Brevis,7,Varun Chakaravarthy,st Sam Billings b Varun Chakaravarthy,29,19,7,2,2
Suryakumar Yadav,3,Pat Cummins,c Sam Billings b Pat Cummins,52,36,11,5,2
Tilak Varma,4,,not out,38,27,8,3,2
Kieron Pollard,6,,not out,22,5,0,0,3
Daniel Sams,5,,,0,0,0,0,0
Tymal Mills,8,,,0,0,0,0,0
Murugan Ashwin,9,,,0,0,0,0,0
Jasprit Bumrah,10,,,0,0,0,0,0
Basil Thampi,11,,,0,0,0,0,0
Ajinkya Rahane,1,Tymal Mills,c Daniel Sams b Tymal Mills,7,11,5,0,0
Venkatesh Iyer,2,,not out,50,41,17,6,1
Shreyas Iyer,3,Daniel Sams,c Tilak Varma b Daniel Sams,10,6,3,2,0
Sam Billings,4,Murugan Ashwin,c Basil Thampi b Murugan Ashwin,17,12,5,0,2
Nitish Rana,5,Murugan Ashwin,c Daniel Sams b Murugan Ashwin,8,7,4,0,1
Andre Russell,6,Tymal Mills,c Dewald Brevis b Tymal Mills,11,5,2,1,1
Pat Cummins,8,,not out,56,15,2,4,6
Sunil Narine,7,,,0,0,0,0,0
Rasikh Salam,9,,,0,0,0,0,0
Umesh Yadav,10,,,0,0,0,0,0
Varun Chakaravarthy,11,,,0,0,0,0,0
Prithvi Shaw,1,Krishnappa Gowtham,c Quinton De Kock b Krishnappa Gowtham,61,34,14,9,2
David Warner,2,Ravi Bishnoi,c Ayush Badoni b Ravi Bishnoi,4,12,8,0,0
Rovman Powell,5,Ravi Bishnoi,b Ravi Bishnoi,3,10,7,0,0
Rishabh Pant,4,,not out,39,36,16,3,2
Sarfaraz Khan,3,,not out,36,28,5,3,0
Lalit Yadav,6,,,0,0,0,0,0
Axar Patel,7,,,0,0,0,0,0
Shardul Thakur,8,,,0,0,0,0,0
Kuldeep Yadav,9,,,0,0,0,0,0
Anrich Nortje,10,,,0,0,0,0,0
Mustafizur Rahman,11,,,0,0,0,0,0
K L Rahul,1,Kuldeep Yadav,c Prithvi Shaw b Kuldeep Yadav,24,25,10,1,1
Quinton De Kock,2,Kuldeep Yadav,c Sarfaraz Khan b Kuldeep Yadav,80,52,14,9,2
Evin Lewis,3,Lalit Yadav,c Kuldeep Yadav b Lalit Yadav,5,13,8,0,0
Deepak Hooda,4,Shardul Thakur,c Axar Patel b Shardul Thakur,11,13,4,0,0
Krunal Pandya,6,,not out,19,14,4,0,1
Ayush Badoni,5,,not out,10,3,1,1,1
Jason Holder,7,,,0,0,0,0,0
Krishnappa Gowtham,8,,,0,0,0,0,0
Andrew Tye,9,,,0,0,0,0,0
Avesh Khan,10,,,0,0,0,0,0
Ravi Bishnoi,11,,,0,0,0,0,0
Mayank Agarwal,2,Hardik Pandya,c Rashid Khan b Hardik Pandya,5,9,7,1,0
Shikhar Dhawan,1,Rashid Khan,c Matthew Wade b Rashid Khan,35,30,11,4,0
Jonny Bairstow,3,Lockie Ferguson,c Rahul Tewatia b Lockie Ferguson,8,8,6,2,0
Liam Livingstone,4,Rashid Khan,c David Miller b Rashid Khan,64,27,4,7,4
Jitesh Sharma,5,Darshan Nalkande,c Shubman Gill b Darshan Nalkande,23,11,4,1,2
Odean Smith,7,Darshan Nalkande,c Shubman Gill b Darshan Nalkande,0,1,1,0,0
Shahrukh Khan,6,Rashid Khan,lbw Rashid Khan,15,8,3,0,2
Kagiso Rabada,8,Lockie Ferguson,run out (Mohammad Shami),1,1,0,0,0
Rahul Chahar,9,,not out,22,14,4,2,1
Vaibhav Arora,11,Mohammad Shami,b Mohammad Shami,2,6,4,0,0
Arshdeep Singh,10,,not out,10,5,1,1,0
Matthew Wade,1,Kagiso Rabada,c Jonny Bairstow b Kagiso Rabada,6,7,4,1,0
Shubman Gill,2,Kagiso Rabada,c Mayank Agarwal b Kagiso Rabada,96,59,11,11,1
Sai Sudharsan,3,Rahul Chahar,c Mayank Agarwal b Rahul Chahar,35,30,12,4,1
Hardik Pandya,4,Odean Smith,run out (Jonny Bairstow),27,18,6,5,0
David Miller,5,,not out,6,4,1,1,0
Rahul Tewatia,6,,not out,13,3,0,0,2
Abhinav Manohar,7,,,0,0,0,0,0
Rashid Khan,8,,,0,0,0,0,0
Lockie Ferguson,9,,,0,0,0,0,0
Mohammad Shami,10,,,0,0,0,0,0
Darshan Nalkande,11,,,0,0,0,0,0
Robin Uthappa,2,Washington Sundar,c Aiden Markram b Washington Sundar,15,11,5,1,0
Ruturaj  Gaikwad,1,T Natarajan,b T Natarajan,16,13,7,3,0
Moeen Ali,3,Aiden Markram,c Rahul Tripathi b Aiden Markram,48,35,10,3,2
Ambati Rayudu,4,Washington Sundar,c Aiden Markram b Washington Sundar,27,27,12,4,0
Shivam Dube,6,T Natarajan,c Umran Malik b T Natarajan,3,5,2,0,0
Ravindra Jadeja,5,Bhuvneshwar Kumar,c Kane Williamson b Bhuvneshwar Kumar,23,15,5,2,1
MS Dhoni,7,Marco Jansen,c Umran Malik b Marco Jansen,3,6,3,0,0
Dwayne Bravo,8,,not out,8,5,0,1,0
Chris Jordan,9,,not out,6,3,0,0,0
Mukesh Choudhary,10,,,0,0,0,0,0
Maheesh Theekshana,11,,,0,0,0,0,0
Abhishek Sharma,1,Dwayne Bravo,c Chris Jordan b Dwayne Bravo,75,50,12,5,3
Kane Williamson,2,Mukesh Choudhary,c Moeen Ali b Mukesh Choudhary,32,40,20,2,1
Rahul Tripathi,3,,not out,39,15,1,5,2
Nicholas Pooran,5,,not out,5,2,0,1,0
Aiden Markram,4,,,0,0,0,0,0
Washington Sundar,6,,,0,0,0,0,0
Shashank Singh,7,,,0,0,0,0,0
Bhuvneshwar Kumar,8,,,0,0,0,0,0
Marco Jansen,9,,,0,0,0,0,0
T Natarajan,10,,,0,0,0,0,0
Umran Malik,11,,,0,0,0,0,0
Ishan Kishan,2,Akash Deep,c Mohammed Siraj b Akash Deep,26,28,14,3,0
Rohit Sharma,1,Harshal Patel,c & b Harshal Patel,26,15,8,4,1
Dewald Brevis,3,Wanindu Hasaranga,lbw Wanindu Hasaranga,8,11,6,1,0
Suryakumar Yadav,4,,not out,68,37,15,5,6
Tilak Varma,5,Akash Deep,run out (Glenn Maxwell),0,3,3,0,0
Kieron Pollard,6,Wanindu Hasaranga,lbw Wanindu Hasaranga,0,1,1,0,0
Ramandeep Singh,7,Harshal Patel,c Dinesh Karthik b Harshal Patel,6,12,7,0,0
Jaydev Unadkat,9,,not out,13,14,6,1,0
Murugan Ashwin,8,,,0,0,0,0,0
Jasprit Bumrah,10,,,0,0,0,0,0
Basil Thampi,11,,,0,0,0,0,0
Faf Du Plessis,1,Jaydev Unadkat,c Suryakumar Yadav b Jaydev Unadkat,16,24,12,1,0
Anuj Rawat,2,Jaydev Unadkat,run out (Ramandeep Singh),66,47,19,2,6
Virat Kohli,3,Dewald Brevis,lbw Dewald Brevis,48,36,10,5,0
Dinesh Karthik,6,,not out,7,2,0,0,1
Glenn Maxwell,4,,not out,8,2,0,2,0
Shahbaz Ahmed,5,,,0,0,0,0,0
Harshal Patel,7,,,0,0,0,0,0
David Willey,8,,,0,0,0,0,0
Wanindu Hasaranga,9,,,0,0,0,0,0
Akash Deep,10,,,0,0,0,0,0
Mohammed Siraj,11,,,0,0,0,0,0
Prithvi Shaw,2,Varun Chakaravarthy,b Varun Chakaravarthy,51,29,10,7,2
David Warner,1,Umesh Yadav,c Ajinkya Rahane b Umesh Yadav,61,45,14,6,2
Rishabh Pant,4,Andre Russell,c Umesh Yadav b Andre Russell,27,14,4,2,2
Lalit Yadav,6,Sunil Narine,lbw Sunil Narine,1,4,3,0,0
Rovman Powell,3,Sunil Narine,c (Sub) Rinku Singh b Sunil Narine,8,6,3,0,1
Axar Patel,7,,not out,22,14,5,2,1
Shardul Thakur,8,,not out,29,11,1,1,3
Sarfaraz Khan,5,,,0,0,0,0,0
Kuldeep Yadav,9,,,0,0,0,0,0
Khaleel Ahmed,10,,,0,0,0,0,0
Mustafizur Rahman,11,,,0,0,0,0,0
Ajinkya Rahane,1,Khaleel Ahmed,c Shardul Thakur b Khaleel Ahmed,8,14,9,1,0
Venkatesh Iyer,2,Khaleel Ahmed,c Axar Patel b Khaleel Ahmed,18,8,3,1,2
Shreyas Iyer,3,Kuldeep Yadav,st Rishabh Pant b Kuldeep Yadav,54,33,8,5,2
Nitish Rana,5,Lalit Yadav,c Prithvi Shaw b Lalit Yadav,30,20,7,0,3
Andre Russell,6,Shardul Thakur,c Sarfaraz Khan b Shardul Thakur,24,21,8,3,0
Sam Billings,4,Khaleel Ahmed,c Lalit Yadav b Khaleel Ahmed,15,9,3,1,1
Pat Cummins,7,Kuldeep Yadav,lbw Kuldeep Yadav,4,3,2,1,0
Sunil Narine,8,Kuldeep Yadav,c Rovman Powell b Kuldeep Yadav,4,2,1,1,0
Umesh Yadav,11,Kuldeep Yadav,c & b Kuldeep Yadav,0,1,1,0,0
Rasikh Salam,9,Shardul Thakur,c Rovman Powell b Shardul Thakur,7,6,4,1,0
Varun Chakaravarthy,10,,not out,1,1,0,0,0
Jos Buttler,1,Avesh Khan,b Avesh Khan,13,11,6,1,1
Devdutt Padikkal,3,Krishnappa Gowtham,c Jason Holder b Krishnappa Gowtham,29,29,15,4,0
Sanju Samson,4,Jason Holder,lbw Jason Holder,13,12,6,2,0
Rassie van der Dussen,2,Krishnappa Gowtham,b Krishnappa Gowtham,4,4,3,1,0
Shimron Hetmyer,5,,not out,59,36,12,1,6
Ravichandran Ashwin,7,Avesh Khan,retired out,28,23,7,0,2
Riyan Parag,6,Jason Holder,c Krishnappa Gowtham b Jason Holder,8,4,1,0,1
Trent Boult,10,,not out,2,1,0,0,0
Kuldeep Sen,8,,,0,0,0,0,0
Prasidh Krishna,9,,,0,0,0,0,0
Yuzvendra Chahal,11,,,0,0,0,0,0
K L Rahul,1,Trent Boult,b Trent Boult,0,1,1,0,0
Quinton De Kock,2,Yuzvendra Chahal,c Riyan Parag b Yuzvendra Chahal,39,32,8,2,1
Krishnappa Gowtham,8,Trent Boult,lbw Trent Boult,0,1,1,0,0
Jason Holder,7,Prasidh Krishna,c Ravichandran Ashwin b Prasidh Krishna,8,14,12,2,0
Deepak Hooda,4,Kuldeep Sen,b Kuldeep Sen,25,24,9,3,0
Ayush Badoni,5,Yuzvendra Chahal,c Riyan Parag b Yuzvendra Chahal,5,7,2,0,0
Krunal Pandya,6,Yuzvendra Chahal,b Yuzvendra Chahal,22,15,4,2,0
Marcus Stoinis,3,,not out,38,17,6,2,4
Dushmantha Chameera,9,Yuzvendra Chahal,lbw Yuzvendra Chahal,13,7,2,2,0
Avesh Khan,11,,not out,7,2,0,0,1
Ravi Bishnoi,10,,,0,0,0,0,0
Matthew Wade,1,Umran Malik,lbw Umran Malik,19,19,9,3,0
Shubman Gill,2,Bhuvneshwar Kumar,c Rahul Tripathi b Bhuvneshwar Kumar,7,9,5,1,0
Sai Sudharsan,3,T Natarajan,c Kane Williamson b T Natarajan,11,9,4,2,0
Hardik Pandya,4,,not out,50,42,11,4,1
David Miller,5,Marco Jansen,c Abhishek Sharma b Marco Jansen,12,15,5,0,0
Abhinav Manohar,7,Bhuvneshwar Kumar,c Rahul Tripathi b Bhuvneshwar Kumar,35,21,7,5,1
Rahul Tewatia,6,T Natarajan,run out (Nicholas Pooran),6,4,1,1,0
Rashid Khan,8,T Natarajan,b T Natarajan,0,1,1,0,0
Lockie Ferguson,9,,,0,0,0,0,0
Mohammad Shami,10,,,0,0,0,0,0
Darshan Nalkande,11,,,0,0,0,0,0
Abhishek Sharma,1,Rashid Khan,c Sai Sudharsan b Rashid Khan,42,32,12,6,0
Kane Williamson,2,Hardik Pandya,c Rahul Tewatia b Hardik Pandya,57,46,19,2,4
Rahul Tripathi,3,Rahul Tewatia,Retired Hurt,17,11,3,1,1
Nicholas Pooran,4,,not out,34,18,3,2,2
Aiden Markram,5,,not out,12,8,1,1,0
Washington Sundar,6,,,0,0,0,0,0
Shashank Singh,7,,,0,0,0,0,0
Bhuvneshwar Kumar,8,,,0,0,0,0,0
Marco Jansen,9,,,0,0,0,0,0
T Natarajan,10,,,0,0,0,0,0
Umran Malik,11,,,0,0,0,0,0
Ruturaj  Gaikwad,1,Josh Hazlewood,lbw Josh Hazlewood,17,16,9,3,0
Robin Uthappa,2,Wanindu Hasaranga,c Virat Kohli b Wanindu Hasaranga,88,50,20,4,9
Moeen Ali,3,Glenn Maxwell,run out (Suyash S Prabhudessai),3,8,5,0,0
Shivam Dube,5,,not out,95,46,11,5,8
Ravindra Jadeja,6,Wanindu Hasaranga,c Anuj Rawat b Wanindu Hasaranga,0,1,1,0,0
MS Dhoni,7,,not out,0,0,0,0,0
Ambati Rayudu,4,,,0,0,0,0,0
Dwayne Bravo,8,,,0,0,0,0,0
Chris Jordan,9,,,0,0,0,0,0
Maheesh Theekshana,10,,,0,0,0,0,0
Mukesh Choudhary,11,,,0,0,0,0,0
Faf Du Plessis,1,Maheesh Theekshana,c Chris Jordan b Maheesh Theekshana,8,9,5,0,0
Anuj Rawat,2,Maheesh Theekshana,lbw Maheesh Theekshana,12,16,9,1,0
Virat Kohli,3,Mukesh Choudhary,c Shivam Dube b Mukesh Choudhary,1,3,2,0,0
Glenn Maxwell,5,Ravindra Jadeja,b Ravindra Jadeja,26,11,2,2,2
Shahbaz Ahmed,6,Maheesh Theekshana,b Maheesh Theekshana,41,27,5,4,0
Suyash S Prabhudessai,7,Maheesh Theekshana,b Maheesh Theekshana,34,18,4,5,1
Dinesh Karthik,4,Dwayne Bravo,c Ravindra Jadeja b Dwayne Bravo,34,14,3,2,3
Wanindu Hasaranga,8,Ravindra Jadeja,c Chris Jordan b Ravindra Jadeja,7,3,1,0,1
Akash Deep,11,Ravindra Jadeja,c Ambati Rayudu b Ravindra Jadeja,0,2,2,0,0
Mohammed Siraj,10,,not out,14,11,6,3,0
Josh Hazlewood,9,,not out,7,7,1,0,0
Mayank Agarwal,1,Murugan Ashwin,c Suryakumar Yadav b Murugan Ashwin,52,32,11,6,2
Shikhar Dhawan,2,Basil Thampi,c Kieron Pollard b Basil Thampi,70,50,13,5,3
Jonny Bairstow,3,Jaydev Unadkat,b Jaydev Unadkat,12,13,5,1,0
Liam Livingstone,4,Jasprit Bumrah,b Jasprit Bumrah,2,3,1,0,0
Jitesh Sharma,5,,not out,30,15,3,2,2
Shahrukh Khan,7,Basil Thampi,b Basil Thampi,15,6,1,0,2
Odean Smith,6,,not out,1,1,0,0,0
Kagiso Rabada,8,,,0,0,0,0,0
Rahul Chahar,9,,,0,0,0,0,0
Vaibhav Arora,10,,,0,0,0,0,0
Arshdeep Singh,11,,,0,0,0,0,0
Rohit Sharma,2,Kagiso Rabada,c Vaibhav Arora b Kagiso Rabada,28,17,9,3,2
Ishan Kishan,1,Vaibhav Arora,c Jitesh Sharma b Vaibhav Arora,3,6,3,0,0
Dewald Brevis,3,Odean Smith,c Arshdeep Singh b Odean Smith,49,25,13,4,5
Tilak Varma,5,Arshdeep Singh,run out (Mayank Agarwal),36,20,3,3,2
Suryakumar Yadav,4,Kagiso Rabada,c Odean Smith b Kagiso Rabada,43,30,13,1,4
Kieron Pollard,6,Vaibhav Arora,run out (Odean Smith),10,11,4,1,0
Jaydev Unadkat,8,Odean Smith,c Mayank Agarwal b Odean Smith,12,7,2,0,1
Murugan Ashwin,9,,not out,0,2,2,0,0
Jasprit Bumrah,10,Odean Smith,c Shikhar Dhawan b Odean Smith,0,1,1,0,0
Tymal Mills,7,Odean Smith,c Mayank Agarwal b Odean Smith,0,2,2,0,0
Basil Thampi,11,,,0,0,0,0,0
Matthew Wade,1,Prasidh Krishna,run out (Rassie van der Dussen),12,6,3,3,0
Shubman Gill,2,Riyan Parag,c Shimron Hetmyer b Riyan Parag,13,14,7,2,0
Vijay Shankar,3,Kuldeep Sen,c Sanju Samson b Kuldeep Sen,2,7,5,0,0
Hardik Pandya,4,,not out,87,52,12,8,4
Abhinav Manohar,6,Yuzvendra Chahal,c Ravichandran Ashwin b Yuzvendra Chahal,43,28,8,4,2
David Miller,5,,not out,31,14,5,5,1
Rahul Tewatia,7,,,0,0,0,0,0
Rashid Khan,8,,,0,0,0,0,0
Yash Dayal,9,,,0,0,0,0,0
Mohammad Shami,10,,,0,0,0,0,0
Lockie Ferguson,11,,,0,0,0,0,0
Jos Buttler,1,Lockie Ferguson,b Lockie Ferguson,54,24,9,8,3
Devdutt Padikkal,2,Yash Dayal,c Shubman Gill b Yash Dayal,0,1,1,0,0
Ravichandran Ashwin,7,Lockie Ferguson,c David Miller b Lockie Ferguson,8,8,5,0,1
Sanju Samson,3,Lockie Ferguson,run out (Hardik Pandya),11,11,6,0,1
Rassie van der Dussen,4,Yash Dayal,c Matthew Wade b Yash Dayal,6,10,5,0,0
Shimron Hetmyer,5,Mohammad Shami,c Rahul Tewatia b Mohammad Shami,29,17,4,2,1
Riyan Parag,6,Lockie Ferguson,c Shubman Gill b Lockie Ferguson,18,16,7,1,1
James Neesham,8,Hardik Pandya,c & b Hardik Pandya,17,15,3,1,0
Prasidh Krishna,11,,not out,4,7,3,0,0
Yuzvendra Chahal,10,Yash Dayal,c Vijay Shankar b Yash Dayal,5,8,4,0,0
Kuldeep Sen,9,,not out,0,3,3,0,0
Venkatesh Iyer,2,T Natarajan,b T Natarajan,6,13,10,1,0
Aaron Finch,1,Marco Jansen,c Nicholas Pooran b Marco Jansen,7,5,3,0,1
Shreyas Iyer,3,Umran Malik,b Umran Malik,28,25,11,3,0
Sunil Narine,8,T Natarajan,c Shashank Singh b T Natarajan,6,2,1,0,1
Nitish Rana,4,T Natarajan,c Nicholas Pooran b T Natarajan,54,36,15,6,2
Sheldon Jackson,5,Umran Malik,c T Natarajan b Umran Malik,7,7,5,0,1
Andre Russell,6,,not out,49,25,11,4,4
Pat Cummins,7,Bhuvneshwar Kumar,c Marco Jansen b Bhuvneshwar Kumar,3,3,1,0,0
Aman Khan,9,Jagadeesha Suchith,b Jagadeesha Suchith,5,3,1,1,0
Umesh Yadav,11,,not out,1,1,0,0,0
Varun Chakaravarthy,10,,,0,0,0,0,0
Abhishek Sharma,1,Pat Cummins,b Pat Cummins,3,10,8,0,0
Kane Williamson,2,Andre Russell,b Andre Russell,17,16,8,3,0
Rahul Tripathi,3,Andre Russell,c Venkatesh Iyer b Andre Russell,71,37,10,4,6
Aiden Markram,5,,not out,68,36,6,6,4
Nicholas Pooran,4,,not out,5,8,3,0,0
Shashank Singh,6,,,0,0,0,0,0
Jagadeesha Suchith,7,,,0,0,0,0,0
Bhuvneshwar Kumar,8,,,0,0,0,0,0
Marco Jansen,9,,,0,0,0,0,0
Umran Malik,10,,,0,0,0,0,0
T Natarajan,11,,,0,0,0,0,0
K L Rahul,1,,not out,103,60,14,9,5
Quinton De Kock,2,Fabian Allen,lbw Fabian Allen,24,13,6,4,1
Manish Pandey,3,Murugan Ashwin,b Murugan Ashwin,38,29,11,6,0
Marcus Stoinis,6,Jaydev Unadkat,c Rohit Sharma b Jaydev Unadkat,10,9,4,0,1
Deepak Hooda,4,Jaydev Unadkat,c Ishan Kishan b Jaydev Unadkat,15,8,1,1,1
Krunal Pandya,7,,not out,1,1,0,0,0
Ayush Badoni,5,,,0,0,0,0,0
Jason Holder,8,,,0,0,0,0,0
Dushmantha Chameera,9,,,0,0,0,0,0
Ravi Bishnoi,10,,,0,0,0,0,0
Avesh Khan,11,,,0,0,0,0,0
Ishan Kishan,2,Marcus Stoinis,b Marcus Stoinis,13,17,10,2,0
Rohit Sharma,1,Avesh Khan,c Quinton De Kock b Avesh Khan,6,7,4,1,0
Dewald Brevis,3,Avesh Khan,c Deepak Hooda b Avesh Khan,31,13,5,6,1
Suryakumar Yadav,5,Ravi Bishnoi,c (Sub) Krishnappa Gowtham b Ravi Bishnoi,37,27,3,3,0
Tilak Varma,4,Jason Holder,b Jason Holder,26,26,9,2,0
Kieron Pollard,6,Dushmantha Chameera,c Marcus Stoinis b Dushmantha Chameera,25,14,3,1,2
Fabian Allen,7,Avesh Khan,c Dushmantha Chameera b Avesh Khan,8,7,3,1,0
Jaydev Unadkat,9,Dushmantha Chameera,run out (Marcus Stoinis),14,6,3,2,1
Murugan Ashwin,8,Dushmantha Chameera,run out (Quinton De Kock),6,2,1,0,1
Jasprit Bumrah,11,,not out,0,0,0,0,0
Tymal Mills,10,,not out,0,1,1,0,0
Faf Du Plessis,2,Khaleel Ahmed,c Axar Patel b Khaleel Ahmed,8,11,9,2,0
Anuj Rawat,1,Shardul Thakur,lbw Shardul Thakur,0,1,1,0,0
Virat Kohli,5,Shardul Thakur,run out (Lalit Yadav),12,14,6,1,0
Glenn Maxwell,4,Kuldeep Yadav,c Lalit Yadav b Kuldeep Yadav,55,34,13,7,2
Suyash S Prabhudessai,3,Axar Patel,c Kuldeep Yadav b Axar Patel,6,5,2,1,0
Shahbaz Ahmed,6,,not out,32,21,4,3,1
Dinesh Karthik,7,,not out,66,34,10,5,5
Wanindu Hasaranga,8,,,0,0,0,0,0
Harshal Patel,9,,,0,0,0,0,0
Josh Hazlewood,10,,,0,0,0,0,0
Mohammed Siraj,11,,,0,0,0,0,0
Prithvi Shaw,5,Mohammed Siraj,c Anuj Rawat b Mohammed Siraj,16,13,6,1,1
David Warner,6,Wanindu Hasaranga,lbw Wanindu Hasaranga,66,38,11,4,5
Mitchell Marsh,7,Wanindu Hasaranga,run out (Wanindu Hasaranga),14,24,11,0,0
Rishabh Pant,8,Mohammed Siraj,c Virat Kohli b Mohammed Siraj,34,17,4,3,2
Rovman Powell,10,Josh Hazlewood,c Dinesh Karthik b Josh Hazlewood,0,1,1,0,0
Lalit Yadav,9,Josh Hazlewood,c Suyash S Prabhudessai b Josh Hazlewood,1,4,3,0,0
Shardul Thakur,4,Josh Hazlewood,c Dinesh Karthik b Josh Hazlewood,17,9,3,0,2
Axar Patel,3,,not out,10,7,1,1,0
Kuldeep Yadav,11,,not out,10,7,3,2,0
Khaleel Ahmed,1,,,0,0,0,0,0
Mustafizur Rahman,2,,,0,0,0,0,0
Shikhar Dhawan,1,Bhuvneshwar Kumar,c Marco Jansen b Bhuvneshwar Kumar,8,11,7,1,0
Simran Singh,2,T Natarajan,c Nicholas Pooran b T Natarajan,14,11,5,2,0
Jonny Bairstow,3,Jagadeesha Suchith,lbw Jagadeesha Suchith,12,10,5,2,0
Liam Livingstone,4,Bhuvneshwar Kumar,c Kane Williamson b Bhuvneshwar Kumar,60,33,9,5,4
Jitesh Sharma,5,Umran Malik,c & b Umran Malik,11,8,3,2,0
Shahrukh Khan,6,Bhuvneshwar Kumar,c Kane Williamson b Bhuvneshwar Kumar,26,28,15,1,2
Odean Smith,7,Umran Malik,c & b Umran Malik,13,15,9,0,1
Kagiso Rabada,8,,not out,0,0,0,0,0
Rahul Chahar,9,Umran Malik,b Umran Malik,0,2,2,0,0
Vaibhav Arora,11,Umran Malik,b Umran Malik,0,1,1,0,0
Arshdeep Singh,10,Umran Malik,run out (Jagadeesha Suchith),0,1,1,0,0
Abhishek Sharma,1,Rahul Chahar,c Shahrukh Khan b Rahul Chahar,31,25,9,3,1
Kane Williamson,2,Kagiso Rabada,c Shikhar Dhawan b Kagiso Rabada,3,9,6,0,0
Rahul Tripathi,3,Rahul Chahar,c Shahrukh Khan b Rahul Chahar,34,22,9,4,1
Aiden Markram,4,,not out,41,27,6,4,1
Nicholas Pooran,5,,not out,35,30,8,1,1
Shashank Singh,6,,,0,0,0,0,0
Jagadeesha Suchith,7,,,0,0,0,0,0
Bhuvneshwar Kumar,8,,,0,0,0,0,0
Marco Jansen,9,,,0,0,0,0,0
Umran Malik,10,,,0,0,0,0,0
T Natarajan,11,,,0,0,0,0,0
Ruturaj  Gaikwad,1,Yash Dayal,c Abhinav Manohar b Yash Dayal,73,48,17,5,5
Robin Uthappa,2,Mohammad Shami,lbw Mohammad Shami,3,10,7,0,0
Moeen Ali,3,Alzarri Joseph,b Alzarri Joseph,1,3,2,0,0
Ambati Rayudu,4,Alzarri Joseph,c Vijay Shankar b Alzarri Joseph,46,31,8,4,2
Shivam Dube,5,Lockie Ferguson,run out (David Miller),19,17,5,2,0
Ravindra Jadeja,6,,not out,22,12,2,0,2
MS Dhoni,7,,,0,0,0,0,0
Dwayne Bravo,8,,,0,0,0,0,0
Chris Jordan,9,,,0,0,0,0,0
Mukesh Choudhary,10,,,0,0,0,0,0
Maheesh Theekshana,11,,,0,0,0,0,0
Wriddhiman Saha,2,Ravindra Jadeja,c Ruturaj  Gaikwad b Ravindra Jadeja,11,18,8,0,0
Shubman Gill,1,Mukesh Choudhary,c Robin Uthappa b Mukesh Choudhary,0,1,1,0,0
Vijay Shankar,3,Maheesh Theekshana,c MS Dhoni b Maheesh Theekshana,0,2,2,0,0
Abhinav Manohar,4,Maheesh Theekshana,c Moeen Ali b Maheesh Theekshana,12,12,6,2,0
David Miller,5,,not out,94,51,13,8,6
Rahul Tewatia,6,Dwayne Bravo,c Ravindra Jadeja b Dwayne Bravo,6,14,8,0,0
Rashid Khan,7,Dwayne Bravo,c Moeen Ali b Dwayne Bravo,40,21,5,2,3
Alzarri Joseph,9,Dwayne Bravo,c Chris Jordan b Dwayne Bravo,0,1,1,0,0
Lockie Ferguson,8,,not out,0,0,0,0,0
Mohammad Shami,10,,,0,0,0,0,0
Yash Dayal,11,,,0,0,0,0,0
Jos Buttler,1,Pat Cummins,c Varun Chakaravarthy b Pat Cummins,103,61,21,9,5
Devdutt Padikkal,2,Sunil Narine,b Sunil Narine,24,18,8,3,1
Sanju Samson,3,Andre Russell,c Shivam Mavi b Andre Russell,38,19,4,3,2
Shimron Hetmyer,5,,not out,26,13,4,2,2
Riyan Parag,6,Sunil Narine,c Shivam Mavi b Sunil Narine,5,3,1,1,0
Karun Nair,4,Shivam Mavi,c Pat Cummins b Shivam Mavi,3,5,2,0,0
Ravichandran Ashwin,7,,not out,2,2,0,0,0
Trent Boult,8,,,0,0,0,0,0
Obed McCoy,9,,,0,0,0,0,0
Yuzvendra Chahal,10,,,0,0,0,0,0
Prasidh Krishna,11,,,0,0,0,0,0
Aaron Finch,1,Prasidh Krishna,c Karun Nair b Prasidh Krishna,58,28,8,9,2
Sunil Narine,7,Trent Boult,run out (Shimron Hetmyer),0,0,0,0,0
Shreyas Iyer,3,Yuzvendra Chahal,lbw Yuzvendra Chahal,85,51,14,7,4
Nitish Rana,4,Yuzvendra Chahal,c Jos Buttler b Yuzvendra Chahal,18,11,3,1,1
Andre Russell,6,Ravichandran Ashwin,b Ravichandran Ashwin,0,1,1,0,0
Venkatesh Iyer,2,Yuzvendra Chahal,st Sanju Samson b Yuzvendra Chahal,6,7,1,0,0
Sheldon Jackson,5,Obed McCoy,c Prasidh Krishna b Obed McCoy,8,8,2,0,0
Shivam Mavi,9,Yuzvendra Chahal,c Riyan Parag b Yuzvendra Chahal,0,1,1,0,0
Pat Cummins,8,Yuzvendra Chahal,c Sanju Samson b Yuzvendra Chahal,0,1,1,0,0
Umesh Yadav,10,Obed McCoy,b Obed McCoy,21,9,2,1,2
Varun Chakaravarthy,11,,not out,1,1,0,0,0
Anuj Rawat,2,Dushmantha Chameera,c K L Rahul b Dushmantha Chameera,4,5,4,1,0
Faf Du Plessis,1,Jason Holder,c Marcus Stoinis b Jason Holder,96,64,18,11,2
Virat Kohli,3,Dushmantha Chameera,c Deepak Hooda b Dushmantha Chameera,0,1,1,0,0
Glenn Maxwell,4,Krunal Pandya,c Jason Holder b Krunal Pandya,23,11,4,3,1
Suyash S Prabhudessai,5,Jason Holder,c Krunal Pandya b Jason Holder,10,9,4,0,1
Shahbaz Ahmed,6,Jason Holder,run out (K L Rahul),26,22,2,1,0
Dinesh Karthik,7,,not out,13,8,0,0,1
Harshal Patel,9,,not out,0,1,1,0,0
Wanindu Hasaranga,8,,,0,0,0,0,0
Josh Hazlewood,10,,,0,0,0,0,0
Mohammed Siraj,11,,,0,0,0,0,0
Quinton De Kock,2,Josh Hazlewood,c Glenn Maxwell b Josh Hazlewood,3,5,2,0,0
K L Rahul,1,Harshal Patel,c Dinesh Karthik b Harshal Patel,30,24,9,3,1
Manish Pandey,3,Josh Hazlewood,c Harshal Patel b Josh Hazlewood,6,8,5,1,0
Krunal Pandya,6,Glenn Maxwell,c Shahbaz Ahmed b Glenn Maxwell,42,28,13,5,2
Deepak Hooda,5,Mohammed Siraj,c Suyash S Prabhudessai b Mohammed Siraj,13,14,6,1,0
Ayush Badoni,7,Josh Hazlewood,c Dinesh Karthik b Josh Hazlewood,13,13,7,2,0
Marcus Stoinis,4,Josh Hazlewood,b Josh Hazlewood,24,15,2,2,1
Jason Holder,8,Harshal Patel,c Mohammed Siraj b Harshal Patel,16,9,3,0,2
Dushmantha Chameera,9,,not out,1,3,2,0,0
Ravi Bishnoi,10,,not out,0,1,1,0,0
Avesh Khan,11,,,0,0,0,0,0
Mayank Agarwal,1,Mustafizur Rahman,b Mustafizur Rahman,24,15,5,4,0
Shikhar Dhawan,2,Lalit Yadav,c Rishabh Pant b Lalit Yadav,9,10,6,1,0
Jonny Bairstow,3,Khaleel Ahmed,c Mustafizur Rahman b Khaleel Ahmed,9,8,5,2,0
Liam Livingstone,4,Axar Patel,st Rishabh Pant b Axar Patel,2,3,1,0,0
Jitesh Sharma,5,Axar Patel,lbw Axar Patel,32,23,7,5,0
Shahrukh Khan,6,Khaleel Ahmed,c Rishabh Pant b Khaleel Ahmed,12,20,9,0,0
Kagiso Rabada,8,Kuldeep Yadav,b Kuldeep Yadav,2,6,4,0,0
Nathan Ellis,7,Kuldeep Yadav,b Kuldeep Yadav,0,2,2,0,0
Rahul Chahar,9,Lalit Yadav,c Rovman Powell b Lalit Yadav,12,12,8,1,1
Arshdeep Singh,11,Mustafizur Rahman,run out (Rishabh Pant),9,17,14,2,0
Vaibhav Arora,10,,not out,2,4,2,0,0
Prithvi Shaw,1,Rahul Chahar,c Nathan Ellis b Rahul Chahar,41,20,6,7,1
David Warner,2,,not out,60,30,6,10,1
Sarfaraz Khan,3,,not out,12,13,5,1,0
Rishabh Pant,4,,,0,0,0,0,0
Rovman Powell,5,,,0,0,0,0,0
Lalit Yadav,6,,,0,0,0,0,0
Shardul Thakur,7,,,0,0,0,0,0
Axar Patel,8,,,0,0,0,0,0
Kuldeep Yadav,9,,,0,0,0,0,0
Khaleel Ahmed,10,,,0,0,0,0,0
Mustafizur Rahman,11,,,0,0,0,0,0
Rohit Sharma,1,Mukesh Choudhary,c Mitchell Santner b Mukesh Choudhary,0,2,2,0,0
Ishan Kishan,2,Mukesh Choudhary,b Mukesh Choudhary,0,1,1,0,0
Dewald Brevis,3,Mukesh Choudhary,c MS Dhoni b Mukesh Choudhary,4,7,4,0,0
Suryakumar Yadav,4,Mitchell Santner,c Mukesh Choudhary b Mitchell Santner,32,21,7,3,1
Tilak Varma,5,,not out,51,43,14,3,2
Hrithik Shokeen,11,Dwayne Bravo,c Robin Uthappa b Dwayne Bravo,25,25,12,3,0
Kieron Pollard,6,Maheesh Theekshana,c Shivam Dube b Maheesh Theekshana,14,9,3,1,1
Daniel Sams,7,Dwayne Bravo,lbw Dwayne Bravo,5,3,1,1,0
Jaydev Unadkat,8,,not out,19,9,2,1,1
Riley Meredith,9,,,0,0,0,0,0
Jasprit Bumrah,10,,,0,0,0,0,0
Ruturaj  Gaikwad,1,Daniel Sams,c Tilak Varma b Daniel Sams,0,1,1,0,0
Robin Uthappa,2,Jaydev Unadkat,c Dewald Brevis b Jaydev Unadkat,30,25,11,2,2
Mitchell Santner,9,Daniel Sams,c Jaydev Unadkat b Daniel Sams,11,9,5,2,0
Ambati Rayudu,3,Daniel Sams,c Kieron Pollard b Daniel Sams,40,35,17,2,3
Shivam Dube,4,Daniel Sams,c Ishan Kishan b Daniel Sams,13,14,8,0,1
Ravindra Jadeja,5,Riley Meredith,c Tilak Varma b Riley Meredith,3,8,5,0,0
MS Dhoni,6,,not out,28,13,0,3,1
Dwaine Pretorius,7,Jaydev Unadkat,lbw Jaydev Unadkat,22,14,4,2,1
Dwayne Bravo,8,,not out,1,1,0,0,0
Mukesh Choudhary,10,,,0,0,0,0,0
Maheesh Theekshana,11,,,0,0,0,0,0
Jos Buttler,1,Mustafizur Rahman,c David Warner b Mustafizur Rahman,116,65,24,9,9
Devdutt Padikkal,2,Khaleel Ahmed,lbw Khaleel Ahmed,54,35,13,7,2
Sanju Samson,3,,not out,46,19,4,5,3
Shimron Hetmyer,4,,not out,1,1,0,0,0
Riyan Parag,5,,,0,0,0,0,0
Karun Nair,6,,,0,0,0,0,0
Ravichandran Ashwin,7,,,0,0,0,0,0
Trent Boult,8,,,0,0,0,0,0
Obed McCoy,9,,,0,0,0,0,0
Yuzvendra Chahal,10,,,0,0,0,0,0
Prasidh Krishna,11,,,0,0,0,0,0
Prithvi Shaw,1,Ravichandran Ashwin,c Trent Boult b Ravichandran Ashwin,37,27,10,5,1
David Warner,2,Prasidh Krishna,c Sanju Samson b Prasidh Krishna,28,14,6,5,1
Sarfaraz Khan,3,Ravichandran Ashwin,c Prasidh Krishna b Ravichandran Ashwin,1,3,2,0,0
Rishabh Pant,4,Prasidh Krishna,c Devdutt Padikkal b Prasidh Krishna,44,24,4,4,2
Lalit Yadav,6,Prasidh Krishna,c Sanju Samson b Prasidh Krishna,37,24,7,3,2
Axar Patel,8,Yuzvendra Chahal,b Yuzvendra Chahal,1,4,3,0,0
Shardul Thakur,7,Trent Boult,run out (Riyan Parag),10,7,2,0,1
Rovman Powell,5,Obed McCoy,c Sanju Samson b Obed McCoy,36,15,5,0,5
Kuldeep Yadav,9,,not out,0,3,3,0,0
Khaleel Ahmed,10,,,0,0,0,0,0
Mustafizur Rahman,11,,,0,0,0,0,0
Wriddhiman Saha,1,Umesh Yadav,c Venkatesh Iyer b Umesh Yadav,25,25,12,2,1
Shubman Gill,2,Tim Southee,c Sam Billings b Tim Southee,7,5,2,1,0
Hardik Pandya,3,Tim Southee,c Rinku Singh b Tim Southee,67,49,12,4,2
David Miller,5,Shivam Mavi,c Umesh Yadav b Shivam Mavi,27,20,8,1,2
Rahul Tewatia,6,Andre Russell,c Rinku Singh b Andre Russell,17,12,3,2,0
Rashid Khan,7,Tim Southee,c Umesh Yadav b Tim Southee,0,2,2,0,0
Abhinav Manohar,4,Andre Russell,c Rinku Singh b Andre Russell,2,4,2,0,0
Lockie Ferguson,9,Andre Russell,c Rinku Singh b Andre Russell,0,1,1,0,0
Alzarri Joseph,8,,not out,1,1,0,0,0
Yash Dayal,11,Andre Russell,c & b Andre Russell,0,1,1,0,0
Mohammad Shami,10,,,0,0,0,0,0
Sam Billings,7,Mohammad Shami,c Wriddhiman Saha b Mohammad Shami,4,4,3,1,0
Sunil Narine,2,Mohammad Shami,c Lockie Ferguson b Mohammad Shami,5,5,3,1,0
Shreyas Iyer,3,Yash Dayal,c Wriddhiman Saha b Yash Dayal,12,15,11,1,1
Nitish Rana,4,Lockie Ferguson,c Wriddhiman Saha b Lockie Ferguson,2,7,5,0,0
Rinku Singh,5,Yash Dayal,c Wriddhiman Saha b Yash Dayal,35,28,12,4,1
Venkatesh Iyer,1,Rashid Khan,c Abhinav Manohar b Rashid Khan,17,17,7,2,0
Andre Russell,6,Alzarri Joseph,c Lockie Ferguson b Alzarri Joseph,48,25,11,1,6
Shivam Mavi,9,Rashid Khan,b Rashid Khan,2,4,2,0,0
Umesh Yadav,10,,not out,15,15,9,1,1
Tim Southee,8,,not out,1,1,0,0,0
Varun Chakaravarthy,11,,,0,0,0,0,0
Faf Du Plessis,1,Marco Jansen,b Marco Jansen,5,7,5,1,0
Anuj Rawat,2,Marco Jansen,c Aiden Markram b Marco Jansen,0,2,2,0,0
Virat Kohli,3,Marco Jansen,c Aiden Markram b Marco Jansen,0,1,1,0,0
Glenn Maxwell,4,T Natarajan,c Kane Williamson b T Natarajan,12,11,5,2,0
Suyash S Prabhudessai,5,Jagadeesha Suchith,st Nicholas Pooran b Jagadeesha Suchith,15,20,13,1,0
Shahbaz Ahmed,6,Umran Malik,c Nicholas Pooran b Umran Malik,7,12,9,1,0
Dinesh Karthik,7,Jagadeesha Suchith,c Nicholas Pooran b Jagadeesha Suchith,0,3,3,0,0
Harshal Patel,9,T Natarajan,b T Natarajan,4,8,5,0,0
Wanindu Hasaranga,8,T Natarajan,b T Natarajan,8,19,14,1,0
Josh Hazlewood,10,,not out,3,11,8,0,0
Mohammed Siraj,11,Bhuvneshwar Kumar,c Kane Williamson b Bhuvneshwar Kumar,2,4,2,0,0
Abhishek Sharma,1,Harshal Patel,c Anuj Rawat b Harshal Patel,47,28,12,8,1
Kane Williamson,2,,not out,16,17,7,2,0
Rahul Tripathi,4,,not out,7,3,1,0,1
Aiden Markram,3,,,0,0,0,0,0
Nicholas Pooran,5,,,0,0,0,0,0
Shashank Singh,6,,,0,0,0,0,0
Jagadeesha Suchith,7,,,0,0,0,0,0
Bhuvneshwar Kumar,8,,,0,0,0,0,0
Marco Jansen,9,,,0,0,0,0,0
Umran Malik,10,,,0,0,0,0,0
T Natarajan,11,,,0,0,0,0,0
Quinton De Kock,1,Jasprit Bumrah,c Rohit Sharma b Jasprit Bumrah,10,9,5,0,1
K L Rahul,2,,not out,103,62,19,12,4
Manish Pandey,3,Kieron Pollard,c Riley Meredith b Kieron Pollard,22,22,7,0,1
Marcus Stoinis,7,Daniel Sams,c Tilak Varma b Daniel Sams,0,3,3,0,0
Krunal Pandya,4,Kieron Pollard,c Hrithik Shokeen b Kieron Pollard,1,2,1,0,0
Deepak Hooda,5,Riley Meredith,c Dewald Brevis b Riley Meredith,10,9,3,1,0
Ayush Badoni,6,Riley Meredith,c Kieron Pollard b Riley Meredith,14,11,3,0,1
Jason Holder,8,,not out,0,2,2,0,0
Dushmantha Chameera,9,,,0,0,0,0,0
Ravi Bishnoi,10,,,0,0,0,0,0
Mohsin Khan,11,,,0,0,0,0,0
Ishan Kishan,2,Ravi Bishnoi,c Jason Holder b Ravi Bishnoi,8,20,12,0,0
Rohit Sharma,1,Krunal Pandya,c (Sub) Krishnappa Gowtham b Krunal Pandya,39,31,14,5,1
Dewald Brevis,3,Mohsin Khan,c Dushmantha Chameera b Mohsin Khan,3,5,3,0,0
Suryakumar Yadav,4,Ayush Badoni,c K L Rahul b Ayush Badoni,7,7,3,1,0
Tilak Varma,5,Jason Holder,c Ravi Bishnoi b Jason Holder,38,27,7,2,2
Kieron Pollard,7,Krunal Pandya,c Deepak Hooda b Krunal Pandya,19,20,7,0,1
Daniel Sams,8,Krunal Pandya,c Ravi Bishnoi b Krunal Pandya,3,7,4,0,0
Jaydev Unadkat,9,Krunal Pandya,run out (Jason Holder),1,1,0,0,0
Hrithik Shokeen,6,,not out,0,0,0,0,0
Jasprit Bumrah,11,,not out,0,2,2,0,0
Riley Meredith,10,,,0,0,0,0,0
Mayank Agarwal,1,Maheesh Theekshana,c Shivam Dube b Maheesh Theekshana,18,21,10,2,0
Shikhar Dhawan,2,,not out,88,59,12,9,2
Bhanuka Rajapaksa,6,Dwayne Bravo,c Shivam Dube b Dwayne Bravo,42,32,8,2,2
Liam Livingstone,4,Dwayne Bravo,c Mukesh Choudhary b Dwayne Bravo,19,7,1,1,2
Jonny Bairstow,3,Dwayne Bravo,run out (Mitchell Santner),6,3,0,1,0
Jitesh Sharma,5,,,0,0,0,0,0
Rishi Dhawan,7,,,0,0,0,0,0
Kagiso Rabada,8,,,0,0,0,0,0
Rahul Chahar,9,,,0,0,0,0,0
Sandeep Sharma,10,,,0,0,0,0,0
Arshdeep Singh,11,,,0,0,0,0,0
Ruturaj  Gaikwad,1,Kagiso Rabada,c Mayank Agarwal b Kagiso Rabada,30,27,9,4,0
Robin Uthappa,2,Sandeep Sharma,c Rishi Dhawan b Sandeep Sharma,1,7,6,0,0
Mitchell Santner,3,Arshdeep Singh,b Arshdeep Singh,9,15,10,1,0
Shivam Dube,5,Rishi Dhawan,b Rishi Dhawan,8,7,3,1,0
Ambati Rayudu,4,Kagiso Rabada,b Kagiso Rabada,78,39,12,7,6
Ravindra Jadeja,6,,not out,21,16,5,1,1
MS Dhoni,7,Rishi Dhawan,c Jonny Bairstow b Rishi Dhawan,12,8,4,1,1
Dwaine Pretorius,8,,not out,1,1,0,0,0
Dwayne Bravo,9,,,0,0,0,0,0
Mukesh Choudhary,10,,,0,0,0,0,0
Maheesh Theekshana,11,,,0,0,0,0,0
Jos Buttler,1,Josh Hazlewood,c Mohammed Siraj b Josh Hazlewood,8,9,5,1,0
Devdutt Padikkal,2,Mohammed Siraj,lbw Mohammed Siraj,7,7,5,0,1
Ravichandran Ashwin,7,Mohammed Siraj,c & b Mohammed Siraj,17,9,4,4,0
Sanju Samson,3,Wanindu Hasaranga,b Wanindu Hasaranga,27,21,12,1,3
Daryl Mitchell,5,Josh Hazlewood,c Glenn Maxwell b Josh Hazlewood,16,24,9,0,0
Riyan Parag,6,,not out,56,31,5,3,4
Shimron Hetmyer,4,Wanindu Hasaranga,c Suyash S Prabhudessai b Wanindu Hasaranga,3,7,5,0,0
Trent Boult,8,Harshal Patel,c Virat Kohli b Harshal Patel,5,7,3,0,0
Prasidh Krishna,11,Josh Hazlewood,run out (Suyash S Prabhudessai),2,5,3,0,0
Yuzvendra Chahal,10,,not out,0,0,0,0,0
Kuldeep Sen,9,,,0,0,0,0,0
Virat Kohli,2,Prasidh Krishna,c Riyan Parag b Prasidh Krishna,9,10,7,2,0
Faf Du Plessis,1,Kuldeep Sen,c Jos Buttler b Kuldeep Sen,23,21,13,3,1
Rajat Patidar,3,Ravichandran Ashwin,b Ravichandran Ashwin,16,16,7,0,1
Glenn Maxwell,4,Kuldeep Sen,c Devdutt Padikkal b Kuldeep Sen,0,1,1,0,0
Shahbaz Ahmed,6,Ravichandran Ashwin,c Riyan Parag b Ravichandran Ashwin,17,27,17,0,1
Suyash S Prabhudessai,5,Ravichandran Ashwin,c Riyan Parag b Ravichandran Ashwin,2,7,5,0,0
Dinesh Karthik,7,Yuzvendra Chahal,run out (Prasidh Krishna),6,4,1,1,0
Wanindu Hasaranga,8,Kuldeep Sen,c & b Kuldeep Sen,18,13,3,2,0
Harshal Patel,9,Kuldeep Sen,c Riyan Parag b Kuldeep Sen,8,11,8,0,1
Mohammed Siraj,10,Prasidh Krishna,c Kuldeep Sen b Prasidh Krishna,5,5,3,1,0
Josh Hazlewood,11,,not out,0,2,2,0,0
Abhishek Sharma,1,Alzarri Joseph,b Alzarri Joseph,65,42,12,6,3
Kane Williamson,2,Mohammad Shami,b Mohammad Shami,5,8,6,1,0
Rahul Tripathi,3,Mohammad Shami,lbw Mohammad Shami,16,10,5,2,1
Aiden Markram,5,Yash Dayal,c David Miller b Yash Dayal,56,40,10,2,3
Nicholas Pooran,4,Mohammad Shami,c Shubman Gill b Mohammad Shami,3,5,2,0,0
Washington Sundar,7,Alzarri Joseph,run out (Alzarri Joseph),3,4,1,0,0
Shashank Singh,6,,not out,25,6,0,1,3
Marco Jansen,9,,not out,8,5,2,0,1
Bhuvneshwar Kumar,8,,,0,0,0,0,0
T Natarajan,10,,,0,0,0,0,0
Umran Malik,11,,,0,0,0,0,0
Wriddhiman Saha,2,Umran Malik,b Umran Malik,68,38,8,11,1
Shubman Gill,1,Umran Malik,b Umran Malik,22,24,11,1,1
Hardik Pandya,3,Umran Malik,c Marco Jansen b Umran Malik,10,6,2,2,0
David Miller,4,Umran Malik,b Umran Malik,17,19,6,1,0
Rahul Tewatia,5,,not out,40,21,4,4,2
Abhinav Manohar,7,Umran Malik,b Umran Malik,0,1,1,0,0
Rashid Khan,6,,not out,31,11,2,0,4
Lockie Ferguson,8,,,0,0,0,0,0
Alzarri Joseph,9,,,0,0,0,0,0
Yash Dayal,10,,,0,0,0,0,0
Mohammad Shami,11,,,0,0,0,0,0
Aaron Finch,1,Chetan Sakariya,b Chetan Sakariya,3,7,5,0,0
Venkatesh Iyer,6,Axar Patel,c Chetan Sakariya b Axar Patel,6,12,7,0,0
Shreyas Iyer,3,Kuldeep Yadav,c Rishabh Pant b Kuldeep Yadav,42,37,8,4,0
B Indrajith,8,Kuldeep Yadav,c Rovman Powell b Kuldeep Yadav,6,8,3,0,0
Sunil Narine,2,Kuldeep Yadav,lbw Kuldeep Yadav,0,1,1,0,0
Nitish Rana,5,Mustafizur Rahman,c Chetan Sakariya b Mustafizur Rahman,57,34,7,3,4
Andre Russell,7,Kuldeep Yadav,st Rishabh Pant b Kuldeep Yadav,0,3,3,0,0
Rinku Singh,4,Mustafizur Rahman,c Rovman Powell b Mustafizur Rahman,23,16,3,3,0
Umesh Yadav,11,,not out,0,1,1,0,0
Tim Southee,9,Mustafizur Rahman,b Mustafizur Rahman,0,1,1,0,0
Harshit Rana,10,,not out,0,1,1,0,0
Prithvi Shaw,1,Umesh Yadav,c & b Umesh Yadav,0,1,1,0,0
David Warner,2,Umesh Yadav,c Sunil Narine b Umesh Yadav,42,26,8,8,0
Mitchell Marsh,3,Harshit Rana,c Venkatesh Iyer b Harshit Rana,13,7,3,2,0
Lalit Yadav,6,Sunil Narine,lbw Sunil Narine,22,29,17,1,1
Rishabh Pant,4,Umesh Yadav,c B Indrajith b Umesh Yadav,2,5,3,0,0
Rovman Powell,5,,not out,33,16,2,1,3
Axar Patel,7,Andre Russell,run out (Shreyas Iyer),24,17,5,2,1
Shardul Thakur,8,,not out,8,14,7,0,0
Kuldeep Yadav,9,,,0,0,0,0,0
Mustafizur Rahman,10,,,0,0,0,0,0
Chetan Sakariya,11,,,0,0,0,0,0
Quinton De Kock,2,Sandeep Sharma,c Jitesh Sharma b Sandeep Sharma,46,37,14,4,2
K L Rahul,1,Kagiso Rabada,c Jitesh Sharma b Kagiso Rabada,6,11,8,1,0
Deepak Hooda,5,Arshdeep Singh,run out (Jonny Bairstow),34,28,11,1,2
Krunal Pandya,4,Kagiso Rabada,c Shikhar Dhawan b Kagiso Rabada,7,7,3,1,0
Marcus Stoinis,3,Rahul Chahar,c & b Rahul Chahar,1,4,3,0,0
Ayush Badoni,6,Kagiso Rabada,c Liam Livingstone b Kagiso Rabada,4,4,2,0,0
Jason Holder,7,Rahul Chahar,c Sandeep Sharma b Rahul Chahar,11,8,2,0,1
Dushmantha Chameera,8,Kagiso Rabada,c Rahul Chahar b Kagiso Rabada,17,10,4,0,2
Mohsin Khan,11,,not out,13,6,1,1,1
Avesh Khan,9,,not out,2,5,3,0,0
Ravi Bishnoi,10,,,0,0,0,0,0
Mayank Agarwal,1,Dushmantha Chameera,c K L Rahul b Dushmantha Chameera,25,17,9,2,2
Shikhar Dhawan,2,Ravi Bishnoi,b Ravi Bishnoi,5,15,10,0,0
Jonny Bairstow,5,Dushmantha Chameera,c Krunal Pandya b Dushmantha Chameera,32,28,12,5,0
Bhanuka Rajapaksa,3,Krunal Pandya,c K L Rahul b Krunal Pandya,9,7,2,1,0
Liam Livingstone,4,Mohsin Khan,c Quinton De Kock b Mohsin Khan,18,16,8,0,2
Jitesh Sharma,6,Krunal Pandya,lbw Krunal Pandya,2,5,3,0,0
Rishi Dhawan,7,,not out,21,22,15,3,1
Kagiso Rabada,8,Mohsin Khan,c Ayush Badoni b Mohsin Khan,2,5,3,0,0
Rahul Chahar,9,Mohsin Khan,c Ayush Badoni b Mohsin Khan,4,4,3,1,0
Arshdeep Singh,10,,not out,0,2,2,0,0
Sandeep Sharma,11,,,0,0,0,0,0
Virat Kohli,2,Mohammad Shami,b Mohammad Shami,58,53,20,6,1
Faf Du Plessis,3,Pradeep Sangwan,c Wriddhiman Saha b Pradeep Sangwan,0,4,4,0,0
Rajat Patidar,5,Pradeep Sangwan,c Shubman Gill b Pradeep Sangwan,52,32,9,5,2
Glenn Maxwell,4,Lockie Ferguson,c Rashid Khan b Lockie Ferguson,33,18,6,3,2
Dinesh Karthik,1,Rashid Khan,c Mohammad Shami b Rashid Khan,2,3,1,0,0
Shahbaz Ahmed,7,,not out,2,2,0,0,0
Mahipal Lomror,6,Alzarri Joseph,c David Miller b Alzarri Joseph,16,8,4,2,1
Wanindu Hasaranga,8,,,0,0,0,0,0
Harshal Patel,9,,,0,0,0,0,0
Josh Hazlewood,10,,,0,0,0,0,0
Mohammed Siraj,11,,,0,0,0,0,0
Wriddhiman Saha,1,Wanindu Hasaranga,c Rajat Patidar b Wanindu Hasaranga,29,22,6,4,0
Shubman Gill,2,Shahbaz Ahmed,lbw Shahbaz Ahmed,31,28,12,3,1
Sai Sudharsan,4,Wanindu Hasaranga,c (Sub) Anuj Rawat b Wanindu Hasaranga,20,14,2,2,0
Hardik Pandya,3,Shahbaz Ahmed,c Mahipal Lomror b Shahbaz Ahmed,3,5,2,0,0
David Miller,5,,not out,39,24,4,4,1
Rahul Tewatia,6,,not out,43,25,9,5,2
Rashid Khan,7,,,0,0,0,0,0
Pradeep Sangwan,8,,,0,0,0,0,0
Alzarri Joseph,9,,,0,0,0,0,0
Lockie Ferguson,10,,,0,0,0,0,0
Mohammad Shami,11,,,0,0,0,0,0
Jos Buttler,1,Hrithik Shokeen,c Suryakumar Yadav b Hrithik Shokeen,67,52,23,5,4
Devdutt Padikkal,2,Hrithik Shokeen,c Kieron Pollard b Hrithik Shokeen,15,15,9,3,0
Sanju Samson,3,Kumar Kartikeya Singh,c Tim David b Kumar Kartikeya Singh,16,7,3,0,2
Daryl Mitchell,4,Daniel Sams,c Rohit Sharma b Daniel Sams,17,20,7,1,0
Shimron Hetmyer,6,,not out,6,14,8,0,0
Riyan Parag,5,Riley Meredith,c Daniel Sams b Riley Meredith,3,3,1,0,0
Ravichandran Ashwin,7,Riley Meredith,c Ishan Kishan b Riley Meredith,21,9,2,3,1
Trent Boult,8,,not out,1,1,0,0,0
Kuldeep Sen,9,,,0,0,0,0,0
Prasidh Krishna,10,,,0,0,0,0,0
Yuzvendra Chahal,11,,,0,0,0,0,0
Rohit Sharma,2,Ravichandran Ashwin,c Daryl Mitchell b Ravichandran Ashwin,2,5,3,0,0
Ishan Kishan,1,Trent Boult,c Sanju Samson b Trent Boult,26,18,10,4,1
Suryakumar Yadav,4,Yuzvendra Chahal,c Riyan Parag b Yuzvendra Chahal,51,39,15,5,2
Tilak Varma,5,Prasidh Krishna,c Riyan Parag b Prasidh Krishna,35,30,10,1,2
Kieron Pollard,6,Kuldeep Sen,c Daryl Mitchell b Kuldeep Sen,10,14,7,0,0
Tim David,3,,not out,20,9,0,2,1
Daniel Sams,8,,not out,6,1,0,0,1
Hrithik Shokeen,7,,,0,0,0,0,0
Kumar Kartikeya Singh,9,,,0,0,0,0,0
Riley Meredith,10,,,0,0,0,0,0
Jasprit Bumrah,11,,,0,0,0,0,0
Quinton De Kock,2,Shardul Thakur,c Lalit Yadav b Shardul Thakur,23,13,4,3,1
K L Rahul,1,Shardul Thakur,c Lalit Yadav b Shardul Thakur,77,51,11,4,5
Deepak Hooda,3,Shardul Thakur,c & b Shardul Thakur,52,34,8,6,1
Marcus Stoinis,5,,not out,17,16,7,1,1
Krunal Pandya,4,,not out,9,6,0,0,0
Ayush Badoni,6,,,0,0,0,0,0
Jason Holder,7,,,0,0,0,0,0
Dushmantha Chameera,8,,,0,0,0,0,0
Mohsin Khan,9,,,0,0,0,0,0
Krishnappa Gowtham,10,,,0,0,0,0,0
Ravi Bishnoi,11,,,0,0,0,0,0
Prithvi Shaw,1,Dushmantha Chameera,c Krishnappa Gowtham b Dushmantha Chameera,5,7,5,1,0
David Warner,2,Mohsin Khan,c Ayush Badoni b Mohsin Khan,3,4,3,0,0
Mitchell Marsh,3,Krishnappa Gowtham,c Quinton De Kock b Krishnappa Gowtham,37,20,7,3,3
Rishabh Pant,4,Mohsin Khan,b Mohsin Khan,44,30,14,7,1
Lalit Yadav,6,Ravi Bishnoi,b Ravi Bishnoi,3,4,1,0,0
Rovman Powell,5,Mohsin Khan,c Krunal Pandya b Mohsin Khan,35,21,6,3,2
Axar Patel,7,,not out,42,24,6,1,3
Shardul Thakur,8,Mohsin Khan,c Krunal Pandya b Mohsin Khan,1,2,1,0,0
Kuldeep Yadav,10,,not out,16,8,1,1,1
Chetan Sakariya,9,,,0,0,0,0,0
Mustafizur Rahman,11,,,0,0,0,0,0
Ruturaj  Gaikwad,2,T Natarajan,c Bhuvneshwar Kumar b T Natarajan,99,57,14,6,6
Devon Conway,1,,not out,85,55,18,8,4
MS Dhoni,7,T Natarajan,c Umran Malik b T Natarajan,8,7,3,1,0
Ravindra Jadeja,6,,not out,1,1,0,0,0
Robin Uthappa,3,,,0,0,0,0,0
Ambati Rayudu,4,,,0,0,0,0,0
Simarjeet Singh,5,,,0,0,0,0,0
Mitchell Santner,8,,,0,0,0,0,0
Dwaine Pretorius,9,,,0,0,0,0,0
Mukesh Choudhary,10,,,0,0,0,0,0
Maheesh Theekshana,11,,,0,0,0,0,0
Abhishek Sharma,8,Mukesh Choudhary,c Dwaine Pretorius b Mukesh Choudhary,39,24,8,5,1
Kane Williamson,7,Dwaine Pretorius,lbw Dwaine Pretorius,47,37,8,2,2
Rahul Tripathi,9,Mukesh Choudhary,c Simarjeet Singh b Mukesh Choudhary,0,1,1,0,0
Aiden Markram,3,Mitchell Santner,c Ravindra Jadeja b Mitchell Santner,17,10,3,0,2
Nicholas Pooran,10,,not out,64,33,10,3,6
Shashank Singh,4,Mukesh Choudhary,c MS Dhoni b Mukesh Choudhary,15,14,5,1,0
Washington Sundar,11,Mukesh Choudhary,b Mukesh Choudhary,2,2,1,0,0
Marco Jansen,2,,not out,0,0,0,0,0
T Natarajan,1,,,0,0,0,0,0
Umran Malik,5,,,0,0,0,0,0
Bhuvneshwar Kumar,6,,,0,0,0,0,0
Jos Buttler,1,Tim Southee,c Shivam Mavi b Tim Southee,22,25,14,3,0
Devdutt Padikkal,2,Umesh Yadav,c & b Umesh Yadav,2,5,3,0,0
Sanju Samson,3,Shivam Mavi,c Rinku Singh b Shivam Mavi,54,49,22,7,1
Karun Nair,4,Anukul Roy,c Rinku Singh b Anukul Roy,13,13,3,1,0
Riyan Parag,6,Tim Southee,c Anukul Roy b Tim Southee,19,12,6,1,2
Shimron Hetmyer,5,,not out,27,13,3,1,2
Ravichandran Ashwin,7,,not out,6,5,0,0,0
Trent Boult,8,,,0,0,0,0,0
Kuldeep Sen,9,,,0,0,0,0,0
Prasidh Krishna,10,,,0,0,0,0,0
Yuzvendra Chahal,11,,,0,0,0,0,0
B Indrajith,2,Prasidh Krishna,c Ravichandran Ashwin b Prasidh Krishna,15,16,8,2,0
Aaron Finch,1,Kuldeep Sen,b Kuldeep Sen,4,7,4,0,0
Shreyas Iyer,3,Trent Boult,c Sanju Samson b Trent Boult,34,32,14,3,1
Nitish Rana,5,,not out,48,37,11,3,2
Rinku Singh,7,,not out,42,23,5,6,1
Sunil Narine,4,,,0,0,0,0,0
Andre Russell,6,,,0,0,0,0,0
Anukul Roy,8,,,0,0,0,0,0
Umesh Yadav,9,,,0,0,0,0,0
Shivam Mavi,10,,,0,0,0,0,0
Tim Southee,11,,,0,0,0,0,0
Wriddhiman Saha,1,Kagiso Rabada,c Mayank Agarwal b Kagiso Rabada,21,17,11,3,1
Shubman Gill,2,Sandeep Sharma,run out (Rishi Dhawan),9,6,3,2,0
Sai Sudharsan,3,,not out,65,50,12,5,1
Hardik Pandya,4,Rishi Dhawan,c Jitesh Sharma b Rishi Dhawan,1,7,6,0,0
David Miller,5,Liam Livingstone,c Kagiso Rabada b Liam Livingstone,11,14,5,0,0
Rahul Tewatia,6,Kagiso Rabada,c Sandeep Sharma b Kagiso Rabada,11,13,4,0,0
Rashid Khan,7,Kagiso Rabada,c Jitesh Sharma b Kagiso Rabada,0,1,1,0,0
Pradeep Sangwan,8,Arshdeep Singh,b Arshdeep Singh,2,5,3,0,0
Lockie Ferguson,10,Kagiso Rabada,c Liam Livingstone b Kagiso Rabada,5,3,1,1,0
Alzarri Joseph,9,,not out,4,5,1,0,0
Mohammad Shami,11,,,0,0,0,0,0
Jonny Bairstow,4,Mohammad Shami,c Pradeep Sangwan b Mohammad Shami,1,6,5,0,0
Shikhar Dhawan,2,,not out,62,53,23,8,1
Bhanuka Rajapaksa,5,Lockie Ferguson,lbw Lockie Ferguson,40,28,10,5,1
Liam Livingstone,3,,not out,30,10,2,2,3
Mayank Agarwal,1,,,0,0,0,0,0
Jitesh Sharma,6,,,0,0,0,0,0
Rishi Dhawan,7,,,0,0,0,0,0
Kagiso Rabada,8,,,0,0,0,0,0
Arshdeep Singh,9,,,0,0,0,0,0
Sandeep Sharma,10,,,0,0,0,0,0
Rahul Chahar,11,,,0,0,0,0,0
Virat Kohli,1,Moeen Ali,b Moeen Ali,30,33,18,3,1
Faf Du Plessis,2,Moeen Ali,c Ravindra Jadeja b Moeen Ali,38,22,5,4,1
Glenn Maxwell,4,Ravindra Jadeja,run out (Robin Uthappa),3,3,0,0,0
Mahipal Lomror,7,Maheesh Theekshana,c Ruturaj  Gaikwad b Maheesh Theekshana,42,27,6,3,2
Rajat Patidar,3,Dwaine Pretorius,c Mukesh Choudhary b Dwaine Pretorius,21,15,3,1,1
Dinesh Karthik,5,,not out,26,17,7,1,2
Wanindu Hasaranga,8,Maheesh Theekshana,c Ruturaj  Gaikwad b Maheesh Theekshana,0,1,1,0,0
Shahbaz Ahmed,6,Maheesh Theekshana,b Maheesh Theekshana,1,2,1,0,0
Harshal Patel,9,Dwaine Pretorius,run out (Devon Conway),0,0,0,0,0
Mohammed Siraj,11,,not out,0,0,0,0,0
Josh Hazlewood,10,,,0,0,0,0,0
Ruturaj  Gaikwad,1,Shahbaz Ahmed,c (Sub) Suyash S Prabhudessai b Shahbaz Ahmed,28,23,10,3,1
Devon Conway,2,Wanindu Hasaranga,c Shahbaz Ahmed b Wanindu Hasaranga,56,37,10,6,2
Robin Uthappa,4,Glenn Maxwell,c (Sub) Suyash S Prabhudessai b Glenn Maxwell,1,3,2,0,0
Ambati Rayudu,5,Glenn Maxwell,b Glenn Maxwell,10,8,3,0,1
Moeen Ali,3,Harshal Patel,c Mohammed Siraj b Harshal Patel,34,27,11,2,2
Ravindra Jadeja,6,Harshal Patel,c Virat Kohli b Harshal Patel,3,5,2,0,0
MS Dhoni,7,Josh Hazlewood,c Rajat Patidar b Josh Hazlewood,2,3,1,0,0
Dwaine Pretorius,8,Harshal Patel,c Virat Kohli b Harshal Patel,13,8,3,1,1
Simarjeet Singh,9,,not out,2,2,0,0,0
Maheesh Theekshana,11,,not out,7,4,2,0,1
Mukesh Choudhary,10,,,0,0,0,0,0
Mandeep Singh,1,Bhuvneshwar Kumar,c Nicholas Pooran b Bhuvneshwar Kumar,0,5,5,0,0
David Warner,2,,not out,92,58,21,12,3
Mitchell Marsh,3,Sean Abbott,c & b Sean Abbott,10,7,3,2,0
Rishabh Pant,4,Shreyas Gopal,b Shreyas Gopal,26,16,8,1,3
Rovman Powell,6,,not out,67,35,10,3,6
Lalit Yadav,5,,,0,0,0,0,0
Ripal Patel,7,,,0,0,0,0,0
Shardul Thakur,8,,,0,0,0,0,0
Kuldeep Yadav,9,,,0,0,0,0,0
Khaleel Ahmed,10,,,0,0,0,0,0
Anrich Nortje,11,,,0,0,0,0,0
Abhishek Sharma,1,Khaleel Ahmed,c Kuldeep Yadav b Khaleel Ahmed,7,6,3,1,0
Kane Williamson,2,Anrich Nortje,c Rishabh Pant b Anrich Nortje,4,11,10,1,0
Rahul Tripathi,3,Mitchell Marsh,c Shardul Thakur b Mitchell Marsh,22,18,7,2,1
Aiden Markram,4,Khaleel Ahmed,c Kuldeep Yadav b Khaleel Ahmed,42,25,11,4,3
Nicholas Pooran,5,Shardul Thakur,c Rovman Powell b Shardul Thakur,62,34,11,2,6
Shashank Singh,6,Shardul Thakur,c Anrich Nortje b Shardul Thakur,10,6,2,2,0
Sean Abbott,7,Khaleel Ahmed,c Ripal Patel b Khaleel Ahmed,7,5,3,0,1
Shreyas Gopal,8,,not out,9,7,4,2,0
Kartik Tyagi,10,Kuldeep Yadav,b Kuldeep Yadav,7,5,2,1,0
Bhuvneshwar Kumar,9,,not out,5,3,1,1,0
Umran Malik,11,,,0,0,0,0,0
Ishan Kishan,2,Alzarri Joseph,c Rashid Khan b Alzarri Joseph,45,29,7,5,1
Rohit Sharma,1,Rashid Khan,lbw Rashid Khan,43,28,12,5,2
Suryakumar Yadav,3,Pradeep Sangwan,c Rashid Khan b Pradeep Sangwan,13,11,4,0,1
Tilak Varma,4,Lockie Ferguson,run out (Hardik Pandya),21,16,4,2,0
Kieron Pollard,6,Rashid Khan,b Rashid Khan,4,14,11,0,0
Tim David,5,,not out,44,21,6,2,4
Daniel Sams,7,Lockie Ferguson,c Rashid Khan b Lockie Ferguson,0,2,2,0,0
Murugan Ashwin,8,,not out,0,0,0,0,0
Kumar Kartikeya Singh,9,,,0,0,0,0,0
Jasprit Bumrah,10,,,0,0,0,0,0
Riley Meredith,11,,,0,0,0,0,0
Wriddhiman Saha,2,Murugan Ashwin,c Daniel Sams b Murugan Ashwin,55,40,14,6,2
Shubman Gill,1,Murugan Ashwin,c Kieron Pollard b Murugan Ashwin,52,36,13,6,2
Hardik Pandya,4,Riley Meredith,run out (Ishan Kishan),24,14,3,4,0
Sai Sudharsan,3,Kieron Pollard,Hit Wicket b Kieron Pollard,14,11,5,1,1
David Miller,5,,not out,19,14,5,1,1
Rahul Tewatia,6,Daniel Sams,run out (Tilak Varma),3,4,1,0,0
Rashid Khan,7,,not out,1,1,0,0,0
Pradeep Sangwan,8,,,0,0,0,0,0
Lockie Ferguson,9,,,0,0,0,0,0
Alzarri Joseph,10,,,0,0,0,0,0
Mohammad Shami,11,,,0,0,0,0,0
Jonny Bairstow,3,Yuzvendra Chahal,lbw Yuzvendra Chahal,56,40,14,8,1
Shikhar Dhawan,2,Ravichandran Ashwin,c Jos Buttler b Ravichandran Ashwin,12,16,10,2,0
Bhanuka Rajapaksa,4,Yuzvendra Chahal,b Yuzvendra Chahal,27,18,7,2,2
Mayank Agarwal,1,Yuzvendra Chahal,c Jos Buttler b Yuzvendra Chahal,15,13,4,2,0
Jitesh Sharma,6,,not out,38,18,3,4,2
Liam Livingstone,5,Prasidh Krishna,b Prasidh Krishna,22,14,5,1,2
Rishi Dhawan,7,,not out,5,2,0,1,0
Kagiso Rabada,8,,,0,0,0,0,0
Rahul Chahar,9,,,0,0,0,0,0
Arshdeep Singh,10,,,0,0,0,0,0
Sandeep Sharma,11,,,0,0,0,0,0
Yashasvi Jaiswal,4,Arshdeep Singh,c Liam Livingstone b Arshdeep Singh,68,41,12,9,2
Jos Buttler,1,Kagiso Rabada,c Bhanuka Rajapaksa b Kagiso Rabada,30,16,7,5,1
Sanju Samson,3,Rishi Dhawan,c Shikhar Dhawan b Rishi Dhawan,23,12,1,4,0
Devdutt Padikkal,2,Arshdeep Singh,c Mayank Agarwal b Arshdeep Singh,31,32,11,3,0
Shimron Hetmyer,5,,not out,31,16,4,3,2
Riyan Parag,6,,not out,0,1,1,0,0
Ravichandran Ashwin,7,,,0,0,0,0,0
Trent Boult,8,,,0,0,0,0,0
Prasidh Krishna,9,,,0,0,0,0,0
Yuzvendra Chahal,10,,,0,0,0,0,0
Kuldeep Sen,11,,,0,0,0,0,0
Quinton De Kock,2,Sunil Narine,c Shivam Mavi b Sunil Narine,50,29,11,4,3
K L Rahul,1,Tim Southee,run out (Shreyas Iyer),0,0,0,0,0
Deepak Hooda,3,Andre Russell,c Shreyas Iyer b Andre Russell,41,27,10,4,2
Krunal Pandya,4,Andre Russell,c Aaron Finch b Andre Russell,25,27,11,2,0
Ayush Badoni,6,,not out,15,18,6,0,0
Marcus Stoinis,5,Shivam Mavi,c Shreyas Iyer b Shivam Mavi,28,14,4,1,3
Jason Holder,7,Tim Southee,c Rinku Singh b Tim Southee,13,4,1,0,2
Dushmantha Chameera,8,Tim Southee,run out (B Indrajith),0,1,1,0,0
Mohsin Khan,9,,,0,0,0,0,0
Ravi Bishnoi,10,,,0,0,0,0,0
Avesh Khan,11,,,0,0,0,0,0
B Indrajith,2,Mohsin Khan,c Ayush Badoni b Mohsin Khan,0,6,6,0,0
Aaron Finch,1,Jason Holder,c Quinton De Kock b Jason Holder,14,14,6,1,0
Shreyas Iyer,3,Dushmantha Chameera,c Ayush Badoni b Dushmantha Chameera,6,9,6,1,0
Nitish Rana,4,Avesh Khan,b Avesh Khan,2,11,9,0,0
Rinku Singh,5,Ravi Bishnoi,c Krunal Pandya b Ravi Bishnoi,6,10,4,0,0
Andre Russell,6,Avesh Khan,c Jason Holder b Avesh Khan,45,19,9,3,5
Sunil Narine,7,Jason Holder,c Krunal Pandya b Jason Holder,22,12,5,3,1
Anukul Roy,8,Avesh Khan,c Quinton De Kock b Avesh Khan,0,2,2,0,0
Shivam Mavi,9,,not out,1,2,1,0,0
Tim Southee,10,Jason Holder,c Avesh Khan b Jason Holder,0,1,1,0,0
Harshit Rana,11,Jason Holder,run out (Ayush Badoni),2,1,0,0,0
Virat Kohli,1,Jagadeesha Suchith,c Kane Williamson b Jagadeesha Suchith,0,1,1,0,0
Faf Du Plessis,2,,not out,73,50,14,8,2
Rajat Patidar,3,Jagadeesha Suchith,c Rahul Tripathi b Jagadeesha Suchith,48,38,14,4,2
Glenn Maxwell,5,Kartik Tyagi,c Aiden Markram b Kartik Tyagi,33,24,11,3,2
Dinesh Karthik,7,,not out,30,8,2,1,4
Mahipal Lomror,4,,,0,0,0,0,0
Shahbaz Ahmed,6,,,0,0,0,0,0
Wanindu Hasaranga,8,,,0,0,0,0,0
Harshal Patel,9,,,0,0,0,0,0
Josh Hazlewood,10,,,0,0,0,0,0
Mohammed Siraj,11,,,0,0,0,0,0
Abhishek Sharma,1,Glenn Maxwell,b Glenn Maxwell,0,3,3,0,0
Kane Williamson,2,Glenn Maxwell,run out (Shahbaz Ahmed),0,0,0,0,0
Rahul Tripathi,3,Josh Hazlewood,c Mahipal Lomror b Josh Hazlewood,58,37,8,6,2
Aiden Markram,4,Wanindu Hasaranga,c Virat Kohli b Wanindu Hasaranga,21,27,15,1,1
Nicholas Pooran,5,Wanindu Hasaranga,c Shahbaz Ahmed b Wanindu Hasaranga,19,14,6,2,1
Jagadeesha Suchith,8,Wanindu Hasaranga,st Dinesh Karthik b Wanindu Hasaranga,2,7,5,0,0
Shashank Singh,6,Wanindu Hasaranga,c Glenn Maxwell b Wanindu Hasaranga,8,9,6,0,1
Kartik Tyagi,10,Josh Hazlewood,c Rajat Patidar b Josh Hazlewood,0,1,1,0,0
Bhuvneshwar Kumar,9,Harshal Patel,c Faf Du Plessis b Harshal Patel,8,9,4,1,0
Umran Malik,11,Wanindu Hasaranga,lbw Wanindu Hasaranga,0,1,1,0,0
Fazalhaq Farooqi,7,,not out,2,8,6,0,0
Ruturaj  Gaikwad,1,Anrich Nortje,c Axar Patel b Anrich Nortje,41,33,9,4,1
Devon Conway,2,Khaleel Ahmed,c Rishabh Pant b Khaleel Ahmed,87,49,11,7,5
Shivam Dube,5,Mitchell Marsh,c David Warner b Mitchell Marsh,32,19,5,2,2
Ambati Rayudu,4,Khaleel Ahmed,c Axar Patel b Khaleel Ahmed,5,6,4,1,0
MS Dhoni,6,,not out,21,8,2,1,2
Moeen Ali,7,Anrich Nortje,c David Warner b Anrich Nortje,9,4,1,2,0
Robin Uthappa,3,Anrich Nortje,c (Sub) Kamlesh Nagarkoti b Anrich Nortje,0,1,1,0,0
Dwayne Bravo,8,,not out,1,1,0,0,0
Mukesh Choudhary,9,,,0,0,0,0,0
Maheesh Theekshana,10,,,0,0,0,0,0
Simarjeet Singh,11,,,0,0,0,0,0
David Warner,2,Maheesh Theekshana,lbw Maheesh Theekshana,19,12,7,1,2
Srikar Bharat,1,Simarjeet Singh,c Moeen Ali b Simarjeet Singh,8,5,3,2,0
Mitchell Marsh,3,Moeen Ali,c Ruturaj  Gaikwad b Moeen Ali,25,20,10,3,1
Rishabh Pant,4,Moeen Ali,b Moeen Ali,21,11,3,4,0
Rovman Powell,5,Mukesh Choudhary,c MS Dhoni b Mukesh Choudhary,3,9,6,0,0
Ripal Patel,6,Moeen Ali,c Devon Conway b Moeen Ali,6,3,2,0,1
Axar Patel,7,Mukesh Choudhary,b Mukesh Choudhary,1,3,2,0,0
Shardul Thakur,8,Dwayne Bravo,c MS Dhoni b Dwayne Bravo,24,19,7,2,1
Kuldeep Yadav,9,Simarjeet Singh,c Robin Uthappa b Simarjeet Singh,5,17,12,0,0
Anrich Nortje,11,,not out,1,6,5,0,0
Khaleel Ahmed,10,Dwayne Bravo,b Dwayne Bravo,0,1,1,0,0
Venkatesh Iyer,2,Kumar Kartikeya Singh,c Daniel Sams b Kumar Kartikeya Singh,43,24,12,3,4
Ajinkya Rahane,1,Kumar Kartikeya Singh,b Kumar Kartikeya Singh,25,24,8,3,0
Nitish Rana,5,Jasprit Bumrah,c Ishan Kishan b Jasprit Bumrah,43,26,13,3,4
Shreyas Iyer,3,Murugan Ashwin,c Ishan Kishan b Murugan Ashwin,6,8,5,1,0
Andre Russell,6,Jasprit Bumrah,c Kieron Pollard b Jasprit Bumrah,9,5,2,0,1
Rinku Singh,4,,not out,23,19,9,2,1
Sheldon Jackson,7,Jasprit Bumrah,c Daniel Sams b Jasprit Bumrah,5,7,2,0,0
Pat Cummins,8,Jasprit Bumrah,c Tilak Varma b Jasprit Bumrah,0,2,2,0,0
Sunil Narine,9,Jasprit Bumrah,c & b Jasprit Bumrah,0,1,1,0,0
Tim Southee,10,Daniel Sams,c Kieron Pollard b Daniel Sams,0,4,4,0,0
Varun Chakaravarthy,11,,not out,0,0,0,0,0
Rohit Sharma,1,Tim Southee,c Sheldon Jackson b Tim Southee,2,6,5,0,0
Ishan Kishan,2,Pat Cummins,c Rinku Singh b Pat Cummins,51,43,16,5,1
Tilak Varma,3,Andre Russell,c Nitish Rana b Andre Russell,6,5,2,1,0
Ramandeep Singh,6,Andre Russell,c Nitish Rana b Andre Russell,12,16,5,0,0
Tim David,4,Varun Chakaravarthy,c Ajinkya Rahane b Varun Chakaravarthy,13,9,5,3,0
Kieron Pollard,5,Andre Russell,run out (Varun Chakaravarthy),15,16,7,0,1
Daniel Sams,7,Pat Cummins,c Sheldon Jackson b Pat Cummins,1,2,1,0,0
Murugan Ashwin,8,Pat Cummins,c Varun Chakaravarthy b Pat Cummins,0,2,2,0,0
Kumar Kartikeya Singh,9,Pat Cummins,run out (Ajinkya Rahane),3,5,2,0,0
Jasprit Bumrah,10,Andre Russell,run out (Rinku Singh),0,0,0,0,0
Riley Meredith,11,,not out,0,1,1,0,0
Wriddhiman Saha,1,Mohsin Khan,c Avesh Khan b Mohsin Khan,5,11,9,1,0
Shubman Gill,2,,not out,63,49,9,7,0
Matthew Wade,3,Avesh Khan,c Quinton De Kock b Avesh Khan,10,7,3,2,0
Hardik Pandya,4,Avesh Khan,c Quinton De Kock b Avesh Khan,11,13,4,0,0
David Miller,5,Jason Holder,c Ayush Badoni b Jason Holder,26,24,7,1,1
Rahul Tewatia,6,,not out,22,16,6,4,0
Rashid Khan,7,,,0,0,0,0,0
Alzarri Joseph,8,,,0,0,0,0,0
Sai Kishore,9,,,0,0,0,0,0
Mohammad Shami,10,,,0,0,0,0,0
Yash Dayal,11,,,0,0,0,0,0
Quinton De Kock,2,Yash Dayal,c Sai Kishore b Yash Dayal,11,10,5,0,1
K L Rahul,1,Mohammad Shami,c Wriddhiman Saha b Mohammad Shami,8,16,11,1,0
Deepak Hooda,3,Rashid Khan,c Mohammad Shami b Rashid Khan,27,26,8,3,0
Karan Sharma,8,Yash Dayal,c David Miller b Yash Dayal,4,4,3,1,0
Krunal Pandya,4,Rashid Khan,st Wriddhiman Saha b Rashid Khan,5,5,3,1,0
Ayush Badoni,6,Sai Kishore,st Wriddhiman Saha b Sai Kishore,8,11,6,1,0
Marcus Stoinis,5,Rashid Khan,run out (David Miller),2,2,0,0,0
Jason Holder,7,Rashid Khan,lbw Rashid Khan,1,2,1,0,0
Mohsin Khan,10,Sai Kishore,c Rashid Khan b Sai Kishore,1,3,2,0,0
Dushmantha Chameera,9,,not out,0,0,0,0,0
Avesh Khan,11,Rashid Khan,c Wriddhiman Saha b Rashid Khan,12,4,2,0,2
Yashasvi Jaiswal,2,Mitchell Marsh,c Lalit Yadav b Mitchell Marsh,19,19,8,1,1
Jos Buttler,1,Chetan Sakariya,c Shardul Thakur b Chetan Sakariya,7,11,7,1,0
Ravichandran Ashwin,8,Mitchell Marsh,c David Warner b Mitchell Marsh,50,38,12,4,2
Devdutt Padikkal,4,Anrich Nortje,c (Sub) Kamlesh Nagarkoti b Anrich Nortje,48,30,10,6,2
Sanju Samson,3,Anrich Nortje,c Shardul Thakur b Anrich Nortje,6,4,1,1,0
Riyan Parag,6,Chetan Sakariya,c Rovman Powell b Chetan Sakariya,9,5,1,0,1
Rassie van der Dussen,5,,not out,12,10,3,1,0
Trent Boult,7,,not out,3,3,0,0,0
Kuldeep Sen,9,,,0,0,0,0,0
Prasidh Krishna,10,,,0,0,0,0,0
Yuzvendra Chahal,11,,,0,0,0,0,0
Srikar Bharat,1,Trent Boult,c Sanju Samson b Trent Boult,0,2,2,0,0
David Warner,2,,not out,52,41,14,5,1
Mitchell Marsh,3,Yuzvendra Chahal,c Kuldeep Sen b Yuzvendra Chahal,89,62,24,5,7
Rishabh Pant,4,,not out,13,4,1,0,2
Rovman Powell,5,,,0,0,0,0,0
Lalit Yadav,6,,,0,0,0,0,0
Axar Patel,7,,,0,0,0,0,0
Shardul Thakur,8,,,0,0,0,0,0
Kuldeep Yadav,9,,,0,0,0,0,0
Chetan Sakariya,10,,,0,0,0,0,0
Anrich Nortje,11,,,0,0,0,0,0
Ruturaj  Gaikwad,1,Daniel Sams,c Ishan Kishan b Daniel Sams,7,6,2,1,0
Devon Conway,2,Daniel Sams,lbw Daniel Sams,0,1,1,0,0
Moeen Ali,6,Daniel Sams,c Hrithik Shokeen b Daniel Sams,0,2,2,0,0
Robin Uthappa,3,Jasprit Bumrah,lbw Jasprit Bumrah,1,6,5,0,0
Ambati Rayudu,4,Riley Meredith,c Ishan Kishan b Riley Meredith,10,14,11,2,0
MS Dhoni,7,,not out,36,33,21,4,2
Shivam Dube,5,Riley Meredith,c Ishan Kishan b Riley Meredith,10,9,4,1,0
Dwayne Bravo,8,Kumar Kartikeya Singh,c Tilak Varma b Kumar Kartikeya Singh,12,15,8,0,1
Simarjeet Singh,10,Kumar Kartikeya Singh,lbw Kumar Kartikeya Singh,2,3,2,0,0
Maheesh Theekshana,9,Ramandeep Singh,c Rohit Sharma b Ramandeep Singh,0,3,3,0,0
Mukesh Choudhary,11,Riley Meredith,run out (Ishan Kishan),4,4,3,1,0
Ishan Kishan,2,Mukesh Choudhary,c MS Dhoni b Mukesh Choudhary,6,5,3,1,0
Rohit Sharma,1,Simarjeet Singh,c MS Dhoni b Simarjeet Singh,18,14,8,4,0
Daniel Sams,7,Mukesh Choudhary,lbw Mukesh Choudhary,1,6,5,0,0
Tilak Varma,4,,not out,34,32,13,4,0
Tristan Stubbs,6,Mukesh Choudhary,lbw Mukesh Choudhary,0,2,2,0,0
Hrithik Shokeen,8,Moeen Ali,b Moeen Ali,18,23,13,2,0
Tim David,5,,not out,16,7,1,0,2
Ramandeep Singh,3,,,0,0,0,0,0
Kumar Kartikeya Singh,9,,,0,0,0,0,0
Jasprit Bumrah,10,,,0,0,0,0,0
Riley Meredith,11,,,0,0,0,0,0
Jonny Bairstow,2,Shahbaz Ahmed,c Mohammed Siraj b Shahbaz Ahmed,66,29,11,4,7
Shikhar Dhawan,1,Glenn Maxwell,b Glenn Maxwell,21,15,6,2,1
Bhanuka Rajapaksa,4,Wanindu Hasaranga,c Harshal Patel b Wanindu Hasaranga,1,3,2,0,0
Liam Livingstone,5,Harshal Patel,c Dinesh Karthik b Harshal Patel,70,42,10,5,4
Mayank Agarwal,3,Harshal Patel,c Wanindu Hasaranga b Harshal Patel,19,16,6,3,0
Jitesh Sharma,6,Wanindu Hasaranga,b Wanindu Hasaranga,9,5,2,2,0
Harpreet Brar,7,Harshal Patel,c Dinesh Karthik b Harshal Patel,7,5,3,0,1
Rishi Dhawan,8,Harshal Patel,c Glenn Maxwell b Harshal Patel,7,3,1,0,1
Rahul Chahar,10,Harshal Patel,run out (Glenn Maxwell),2,2,0,0,0
Kagiso Rabada,9,,not out,0,1,1,0,0
Arshdeep Singh,11,,,0,0,0,0,0
Virat Kohli,2,Kagiso Rabada,c Rahul Chahar b Kagiso Rabada,20,14,7,2,1
Faf Du Plessis,1,Rishi Dhawan,c Jitesh Sharma b Rishi Dhawan,10,8,4,2,0
Rajat Patidar,3,Rahul Chahar,c Shikhar Dhawan b Rahul Chahar,26,21,10,1,2
Mahipal Lomror,5,Rishi Dhawan,c Shikhar Dhawan b Rishi Dhawan,6,3,2,0,1
Glenn Maxwell,4,Harpreet Brar,c Arshdeep Singh b Harpreet Brar,35,22,5,3,1
Dinesh Karthik,7,Arshdeep Singh,c Bhanuka Rajapaksa b Arshdeep Singh,11,11,3,1,0
Shahbaz Ahmed,6,Kagiso Rabada,c Bhanuka Rajapaksa b Kagiso Rabada,9,14,7,0,0
Harshal Patel,9,Kagiso Rabada,c Mayank Agarwal b Kagiso Rabada,11,7,2,2,0
Wanindu Hasaranga,8,Rahul Chahar,c Harpreet Brar b Rahul Chahar,1,3,2,0,0
Mohammed Siraj,10,,not out,9,13,8,1,0
Josh Hazlewood,11,,not out,7,4,0,1,0
Venkatesh Iyer,1,Marco Jansen,b Marco Jansen,7,6,2,1,0
Ajinkya Rahane,2,Umran Malik,c Shashank Singh b Umran Malik,28,24,12,0,3
Nitish Rana,3,Umran Malik,c Shashank Singh b Umran Malik,26,16,8,1,3
Shreyas Iyer,4,Umran Malik,c Rahul Tripathi b Umran Malik,15,9,3,2,0
Sam Billings,5,Bhuvneshwar Kumar,c Kane Williamson b Bhuvneshwar Kumar,34,29,11,3,1
Rinku Singh,6,T Natarajan,lbw T Natarajan,5,6,3,0,0
Andre Russell,7,,not out,49,28,9,3,4
Sunil Narine,8,,not out,1,2,1,0,0
Tim Southee,9,,,0,0,0,0,0
Umesh Yadav,10,,,0,0,0,0,0
Varun Chakaravarthy,11,,,0,0,0,0,0
Abhishek Sharma,1,Varun Chakaravarthy,c Sam Billings b Varun Chakaravarthy,43,28,9,4,2
Kane Williamson,2,Andre Russell,b Andre Russell,9,17,11,1,0
Rahul Tripathi,3,Tim Southee,c & b Tim Southee,9,12,7,1,0
Aiden Markram,4,Umesh Yadav,b Umesh Yadav,32,25,9,0,3
Nicholas Pooran,5,Sunil Narine,c & b Sunil Narine,2,3,1,0,0
Washington Sundar,7,Andre Russell,c Venkatesh Iyer b Andre Russell,4,9,5,0,0
Shashank Singh,6,Tim Southee,c Shreyas Iyer b Tim Southee,11,12,5,1,0
Marco Jansen,8,Andre Russell,c Sam Billings b Andre Russell,1,2,1,0,0
Bhuvneshwar Kumar,9,,not out,6,7,4,1,0
Umran Malik,11,,not out,3,5,3,0,0
T Natarajan,10,,,0,0,0,0,0
Ruturaj  Gaikwad,1,Rashid Khan,c Matthew Wade b Rashid Khan,53,49,16,4,1
Devon Conway,2,Mohammad Shami,c Wriddhiman Saha b Mohammad Shami,5,9,6,0,0
Moeen Ali,3,Sai Kishore,c Rashid Khan b Sai Kishore,21,17,7,0,2
Jagadeesan Narayan,4,,not out,39,33,9,3,1
Shivam Dube,5,Alzarri Joseph,c Wriddhiman Saha b Alzarri Joseph,0,2,2,0,0
MS Dhoni,6,Mohammad Shami,c Yash Dayal b Mohammad Shami,7,10,5,0,0
Mitchell Santner,7,,not out,1,1,0,0,0
Prashant Solanki,8,,,0,0,0,0,0
Mukesh Choudhary,9,,,0,0,0,0,0
Simarjeet Singh,10,,,0,0,0,0,0
Matheesha Pathirana,11,,,0,0,0,0,0
Wriddhiman Saha,2,,not out,67,57,21,8,1
Shubman Gill,1,Matheesha Pathirana,lbw Matheesha Pathirana,18,17,8,3,0
Matthew Wade,3,Moeen Ali,c Shivam Dube b Moeen Ali,20,15,3,2,0
Hardik Pandya,4,Matheesha Pathirana,c Shivam Dube b Matheesha Pathirana,7,6,2,1,0
David Miller,5,,not out,15,20,8,1,0
Rahul Tewatia,6,,,0,0,0,0,0
Rashid Khan,7,,,0,0,0,0,0
Alzarri Joseph,8,,,0,0,0,0,0
Sai Kishore,9,,,0,0,0,0,0
Mohammad Shami,10,,,0,0,0,0,0
Yash Dayal,11,,,0,0,0,0,0
Yashasvi Jaiswal,2,Ayush Badoni,c & b Ayush Badoni,41,29,12,6,1
Jos Buttler,1,Avesh Khan,b Avesh Khan,2,6,4,0,0
Sanju Samson,3,Jason Holder,c Deepak Hooda b Jason Holder,32,24,11,6,0
Devdutt Padikkal,4,Ravi Bishnoi,c Krunal Pandya b Ravi Bishnoi,39,18,6,5,2
Riyan Parag,5,Ravi Bishnoi,c Marcus Stoinis b Ravi Bishnoi,19,16,7,0,1
James Neesham,6,Ravi Bishnoi,run out (K L Rahul),14,12,4,2,0
Ravichandran Ashwin,7,,not out,10,7,1,1,0
Trent Boult,9,,not out,17,9,1,2,0
Obed McCoy,8,,,0,0,0,0,0
Prasidh Krishna,10,,,0,0,0,0,0
Yuzvendra Chahal,11,,,0,0,0,0,0
Quinton De Kock,2,Trent Boult,c James Neesham b Trent Boult,7,8,4,1,0
K L Rahul,1,Prasidh Krishna,c Yashasvi Jaiswal b Prasidh Krishna,10,19,14,0,1
Ayush Badoni,6,Trent Boult,lbw Trent Boult,0,1,1,0,0
Deepak Hooda,3,Yuzvendra Chahal,st Sanju Samson b Yuzvendra Chahal,59,39,10,5,2
Krunal Pandya,4,Ravichandran Ashwin,c Riyan Parag b Ravichandran Ashwin,25,23,8,1,1
Marcus Stoinis,5,Prasidh Krishna,c Riyan Parag b Prasidh Krishna,27,17,5,1,2
Jason Holder,7,Obed McCoy,c Sanju Samson b Obed McCoy,1,2,1,0,0
Dushmantha Chameera,8,Obed McCoy,b Obed McCoy,0,2,2,0,0
Mohsin Khan,9,,not out,9,7,2,1,0
Avesh Khan,11,,not out,1,2,1,0,0
Ravi Bishnoi,10,,,0,0,0,0,0
David Warner,2,Liam Livingstone,c Rahul Chahar b Liam Livingstone,0,1,1,0,0
Sarfaraz Khan,1,Arshdeep Singh,c Rahul Chahar b Arshdeep Singh,32,16,6,5,1
Mitchell Marsh,3,Kagiso Rabada,c Rishi Dhawan b Kagiso Rabada,63,48,15,4,3
Lalit Yadav,6,Arshdeep Singh,c Bhanuka Rajapaksa b Arshdeep Singh,24,21,7,1,1
Rishabh Pant,4,Liam Livingstone,st Jitesh Sharma b Liam Livingstone,7,3,1,0,1
Rovman Powell,5,Liam Livingstone,c Shikhar Dhawan b Liam Livingstone,2,6,4,0,0
Axar Patel,7,,not out,17,20,10,2,0
Shardul Thakur,8,Arshdeep Singh,c Harpreet Brar b Arshdeep Singh,3,4,1,0,0
Kuldeep Yadav,10,,not out,2,2,1,0,0
Khaleel Ahmed,9,,,0,0,0,0,0
Anrich Nortje,11,,,0,0,0,0,0
Jonny Bairstow,1,Anrich Nortje,c Axar Patel b Anrich Nortje,28,15,4,4,1
Shikhar Dhawan,2,Shardul Thakur,c Rishabh Pant b Shardul Thakur,19,16,6,3,0
Bhanuka Rajapaksa,3,Shardul Thakur,c Anrich Nortje b Shardul Thakur,4,5,4,1,0
Liam Livingstone,4,Kuldeep Yadav,st Rishabh Pant b Kuldeep Yadav,3,5,2,0,0
Mayank Agarwal,5,Axar Patel,b Axar Patel,0,2,2,0,0
Jitesh Sharma,6,Shardul Thakur,c David Warner b Shardul Thakur,44,34,14,3,2
Harpreet Brar,7,Kuldeep Yadav,b Kuldeep Yadav,1,2,1,0,0
Rishi Dhawan,8,Axar Patel,b Axar Patel,4,13,9,0,0
Rahul Chahar,9,,not out,25,24,12,2,1
Kagiso Rabada,10,Shardul Thakur,c Rovman Powell b Shardul Thakur,6,2,1,0,1
Arshdeep Singh,11,,not out,2,3,1,0,0
Abhishek Sharma,1,Daniel Sams,c Mayank Markande b Daniel Sams,9,10,5,1,0
Priyam Garg,2,Ramandeep Singh,c & b Ramandeep Singh,42,26,8,4,2
Rahul Tripathi,4,Ramandeep Singh,c Tilak Varma b Ramandeep Singh,76,44,13,9,3
Nicholas Pooran,6,Riley Meredith,c Mayank Markande b Riley Meredith,38,22,5,2,3
Aiden Markram,5,Ramandeep Singh,c Tim David b Ramandeep Singh,2,4,2,0,0
Kane Williamson,3,,not out,8,7,2,1,0
Washington Sundar,7,Jasprit Bumrah,b Jasprit Bumrah,9,7,3,0,0
Fazalhaq Farooqi,8,,,0,0,0,0,0
Bhuvneshwar Kumar,9,,,0,0,0,0,0
T Natarajan,10,,,0,0,0,0,0
Umran Malik,11,,,0,0,0,0,0
Rohit Sharma,2,Washington Sundar,c (Sub) Jagadeesha Suchith b Washington Sundar,48,36,15,2,4
Ishan Kishan,1,Umran Malik,c Priyam Garg b Umran Malik,43,34,11,5,1
Daniel Sams,7,Umran Malik,c Priyam Garg b Umran Malik,15,11,3,0,1
Tilak Varma,4,Umran Malik,c Kane Williamson b Umran Malik,8,9,5,1,0
Tim David,6,T Natarajan,run out (T Natarajan),46,18,3,3,4
Tristan Stubbs,5,Bhuvneshwar Kumar,run out (Bhuvneshwar Kumar),2,2,0,0,0
Ramandeep Singh,3,,not out,14,6,2,1,1
Sanjay Yadav,8,Bhuvneshwar Kumar,c (Sub) Jagadeesha Suchith b Bhuvneshwar Kumar,0,2,2,0,0
Jasprit Bumrah,10,,not out,0,4,4,0,0
Mayank Markande,9,,,0,0,0,0,0
Riley Meredith,11,,,0,0,0,0,0
Quinton De Kock,1,,not out,140,70,15,10,10
K L Rahul,2,,not out,68,51,15,3,4
Evin Lewis,3,,,0,0,0,0,0
Deepak Hooda,4,,,0,0,0,0,0
Manan Vohra,5,,,0,0,0,0,0
Marcus Stoinis,6,,,0,0,0,0,0
Jason Holder,7,,,0,0,0,0,0
Krishnappa Gowtham,8,,,0,0,0,0,0
Mohsin Khan,9,,,0,0,0,0,0
Avesh Khan,10,,,0,0,0,0,0
Ravi Bishnoi,11,,,0,0,0,0,0
Venkatesh Iyer,1,Mohsin Khan,c Quinton De Kock b Mohsin Khan,0,4,4,0,0
Abhijeet Tomar,2,Mohsin Khan,c K L Rahul b Mohsin Khan,4,8,7,1,0
Nitish Rana,3,Krishnappa Gowtham,c Marcus Stoinis b Krishnappa Gowtham,42,22,7,9,0
Shreyas Iyer,4,Marcus Stoinis,c Deepak Hooda b Marcus Stoinis,50,29,8,4,3
Sam Billings,5,Ravi Bishnoi,st Quinton De Kock b Ravi Bishnoi,36,24,9,2,3
Andre Russell,7,Mohsin Khan,c Deepak Hooda b Mohsin Khan,5,11,6,0,0
Rinku Singh,6,Marcus Stoinis,c Evin Lewis b Marcus Stoinis,40,15,3,2,4
Sunil Narine,8,,not out,21,7,1,0,3
Umesh Yadav,9,Marcus Stoinis,b Marcus Stoinis,0,1,1,0,0
Tim Southee,10,,,0,0,0,0,0
Varun Chakaravarthy,11,,,0,0,0,0,0
Wriddhiman Saha,2,Harshal Patel,run out (Faf Du Plessis),31,22,9,4,1
Shubman Gill,3,Josh Hazlewood,c Glenn Maxwell b Josh Hazlewood,1,4,3,0,0
Matthew Wade,5,Glenn Maxwell,lbw Glenn Maxwell,16,13,8,2,1
Hardik Pandya,6,,not out,62,47,17,4,3
David Miller,4,Wanindu Hasaranga,c & b Wanindu Hasaranga,34,25,8,0,3
Rahul Tewatia,8,Josh Hazlewood,c Dinesh Karthik b Josh Hazlewood,2,3,1,0,0
Rashid Khan,7,,not out,19,6,0,1,2
Mohammad Shami,1,,,0,0,0,0,0
Sai Kishore,9,,,0,0,0,0,0
Lockie Ferguson,10,,,0,0,0,0,0
Yash Dayal,11,,,0,0,0,0,0
Virat Kohli,2,Rashid Khan,st Matthew Wade b Rashid Khan,73,54,16,8,2
Faf Du Plessis,1,Rashid Khan,c Hardik Pandya b Rashid Khan,44,38,13,5,0
Glenn Maxwell,4,,not out,40,18,4,5,2
Dinesh Karthik,7,,not out,2,2,0,0,0
Rajat Patidar,3,,,0,0,0,0,0
Mahipal Lomror,5,,,0,0,0,0,0
Shahbaz Ahmed,6,,,0,0,0,0,0
Wanindu Hasaranga,8,,,0,0,0,0,0
Harshal Patel,9,,,0,0,0,0,0
Siddarth Kaul,10,,,0,0,0,0,0
Josh Hazlewood,11,,,0,0,0,0,0
Ruturaj  Gaikwad,1,Trent Boult,c Sanju Samson b Trent Boult,2,6,5,0,0
Devon Conway,2,Ravichandran Ashwin,lbw Ravichandran Ashwin,16,14,7,1,1
Moeen Ali,3,Obed McCoy,c Riyan Parag b Obed McCoy,93,57,19,13,3
Jagadeesan Narayan,4,Obed McCoy,c Riyan Parag b Obed McCoy,1,4,3,0,0
Ambati Rayudu,5,Yuzvendra Chahal,c Devdutt Padikkal b Yuzvendra Chahal,3,6,3,0,0
MS Dhoni,6,Yuzvendra Chahal,c Jos Buttler b Yuzvendra Chahal,26,28,12,1,1
Mitchell Santner,7,,not out,1,2,1,0,0
Simarjeet Singh,10,,not out,3,3,1,0,0
Prashant Solanki,8,,,0,0,0,0,0
Mukesh Choudhary,9,,,0,0,0,0,0
Matheesha Pathirana,11,,,0,0,0,0,0
Yashasvi Jaiswal,2,Prashant Solanki,c Matheesha Pathirana b Prashant Solanki,59,44,16,8,1
Jos Buttler,1,Simarjeet Singh,c Moeen Ali b Simarjeet Singh,2,5,4,0,0
Sanju Samson,3,Mitchell Santner,c & b Mitchell Santner,15,20,12,2,0
Devdutt Padikkal,4,Moeen Ali,b Moeen Ali,3,9,6,0,0
Ravichandran Ashwin,7,,not out,40,23,5,2,3
Shimron Hetmyer,5,Prashant Solanki,c Devon Conway b Prashant Solanki,6,7,4,1,0
Riyan Parag,6,,not out,10,10,4,1,0
Obed McCoy,8,,,0,0,0,0,0
Trent Boult,9,,,0,0,0,0,0
Prasidh Krishna,10,,,0,0,0,0,0
Yuzvendra Chahal,11,,,0,0,0,0,0
Prithvi Shaw,1,Jasprit Bumrah,c Ishan Kishan b Jasprit Bumrah,24,23,12,2,1
David Warner,2,Daniel Sams,c Jasprit Bumrah b Daniel Sams,5,6,4,1,0
Mitchell Marsh,3,Jasprit Bumrah,c Rohit Sharma b Jasprit Bumrah,0,1,1,0,0
Rishabh Pant,4,Ramandeep Singh,c Ishan Kishan b Ramandeep Singh,39,33,13,4,1
Sarfaraz Khan,5,Mayank Markande,c Ishan Kishan b Mayank Markande,10,7,2,0,1
Rovman Powell,6,Jasprit Bumrah,b Jasprit Bumrah,43,34,16,1,4
Axar Patel,7,,not out,19,10,2,0,2
Shardul Thakur,8,Ramandeep Singh,c Tim David b Ramandeep Singh,4,5,2,0,0
Kuldeep Yadav,9,,not out,1,1,0,0,0
Khaleel Ahmed,10,,,0,0,0,0,0
Anrich Nortje,11,,,0,0,0,0,0
Ishan Kishan,2,Kuldeep Yadav,c David Warner b Kuldeep Yadav,48,35,17,3,4
Rohit Sharma,1,Anrich Nortje,c Shardul Thakur b Anrich Nortje,2,13,11,0,0
Dewald Brevis,5,Shardul Thakur,b Shardul Thakur,37,33,14,1,3
Tilak Varma,3,Anrich Nortje,c Rishabh Pant b Anrich Nortje,21,17,4,1,1
Tim David,6,Shardul Thakur,c Prithvi Shaw b Shardul Thakur,34,11,3,2,4
Ramandeep Singh,4,,not out,13,6,1,2,0
Daniel Sams,7,,not out,0,1,1,0,0
Hrithik Shokeen,8,,,0,0,0,0,0
Mayank Markande,9,,,0,0,0,0,0
Jasprit Bumrah,10,,,0,0,0,0,0
Riley Meredith,11,,,0,0,0,0,0
Priyam Garg,2,Kagiso Rabada,c Mayank Agarwal b Kagiso Rabada,4,7,4,0,0
Abhishek Sharma,1,Harpreet Brar,c Liam Livingstone b Harpreet Brar,43,32,16,5,2
Rahul Tripathi,3,Harpreet Brar,c Shikhar Dhawan b Harpreet Brar,20,18,7,1,1
Aiden Markram,5,Harpreet Brar,st Jitesh Sharma b Harpreet Brar,21,17,3,2,0
Nicholas Pooran,4,Nathan Ellis,c Jitesh Sharma b Nathan Ellis,5,10,5,0,0
Washington Sundar,7,Nathan Ellis,c Shikhar Dhawan b Nathan Ellis,25,19,8,3,1
Romario Shepherd,6,,not out,26,15,6,2,2
Jagadeesha Suchith,8,Nathan Ellis,c Prerak Mankad b Nathan Ellis,0,1,1,0,0
Bhuvneshwar Kumar,9,Nathan Ellis,run out (Jitesh Sharma),1,1,0,0,0
Umran Malik,11,,not out,0,1,1,0,0
Fazalhaq Farooqi,10,,,0,0,0,0,0
Jonny Bairstow,1,Fazalhaq Farooqi,b Fazalhaq Farooqi,23,15,7,5,0
Shikhar Dhawan,2,Fazalhaq Farooqi,b Fazalhaq Farooqi,39,32,11,2,2
Shahrukh Khan,5,Umran Malik,c Washington Sundar b Umran Malik,19,10,2,2,1
Mayank Agarwal,4,Washington Sundar,c Jagadeesha Suchith b Washington Sundar,1,4,3,0,0
Liam Livingstone,3,,not out,49,22,5,2,5
Jitesh Sharma,6,Jagadeesha Suchith,c Priyam Garg b Jagadeesha Suchith,19,7,2,3,1
Prerak Mankad,7,,not out,4,1,0,1,0
Harpreet Brar,8,,,0,0,0,0,0
Kagiso Rabada,9,,,0,0,0,0,0
Arshdeep Singh,10,,,0,0,0,0,0
Nathan Ellis,11,,,0,0,0,0,0
Yashasvi Jaiswal,2,Yash Dayal,c Wriddhiman Saha b Yash Dayal,3,8,6,0,0
Jos Buttler,1,Yash Dayal,run out (Alzarri Joseph),89,56,17,12,2
Sanju Samson,3,Sai Kishore,c Alzarri Joseph b Sai Kishore,47,26,10,5,3
Devdutt Padikkal,4,Hardik Pandya,b Hardik Pandya,28,20,8,2,2
Shimron Hetmyer,5,Mohammad Shami,c Rahul Tewatia b Mohammad Shami,4,7,3,0,0
Riyan Parag,6,Yash Dayal,run out (Wriddhiman Saha),4,3,0,0,0
Ravichandran Ashwin,7,,not out,2,1,0,0,0
Trent Boult,9,,not out,0,0,0,0,0
Obed McCoy,8,,,0,0,0,0,0
Yuzvendra Chahal,10,,,0,0,0,0,0
Prasidh Krishna,11,,,0,0,0,0,0
Wriddhiman Saha,1,Trent Boult,c Sanju Samson b Trent Boult,0,2,2,0,0
Shubman Gill,2,Ravichandran Ashwin,run out (Devdutt Padikkal),35,21,6,5,1
Matthew Wade,3,Obed McCoy,c Jos Buttler b Obed McCoy,35,30,15,6,0
Hardik Pandya,4,,not out,40,27,3,5,0
David Miller,5,,not out,68,38,7,3,5
Rahul Tewatia,6,,,0,0,0,0,0
Rashid Khan,7,,,0,0,0,0,0
Sai Kishore,8,,,0,0,0,0,0
Alzarri Joseph,9,,,0,0,0,0,0
Mohammad Shami,10,,,0,0,0,0,0
Yash Dayal,11,,,0,0,0,0,0
Virat Kohli,2,Avesh Khan,c Mohsin Khan b Avesh Khan,25,24,10,2,0
Faf Du Plessis,1,Mohsin Khan,c Quinton De Kock b Mohsin Khan,0,1,1,0,0
Rajat Patidar,3,,not out,112,54,15,12,7
Glenn Maxwell,4,Krunal Pandya,c Evin Lewis b Krunal Pandya,9,10,6,0,1
Mahipal Lomror,5,Ravi Bishnoi,c K L Rahul b Ravi Bishnoi,14,9,2,2,0
Dinesh Karthik,7,,not out,37,23,8,5,1
Shahbaz Ahmed,6,,,0,0,0,0,0
Wanindu Hasaranga,8,,,0,0,0,0,0
Harshal Patel,9,,,0,0,0,0,0
Josh Hazlewood,10,,,0,0,0,0,0
Mohammed Siraj,11,,,0,0,0,0,0
Quinton De Kock,1,Mohammed Siraj,c Faf Du Plessis b Mohammed Siraj,6,5,4,0,1
K L Rahul,2,Josh Hazlewood,c Shahbaz Ahmed b Josh Hazlewood,79,58,17,3,5
Manan Vohra,5,Josh Hazlewood,c Shahbaz Ahmed b Josh Hazlewood,19,11,5,1,2
Deepak Hooda,4,Wanindu Hasaranga,b Wanindu Hasaranga,45,26,6,1,4
Marcus Stoinis,6,Harshal Patel,c Rajat Patidar b Harshal Patel,9,9,5,0,1
Evin Lewis,3,,not out,2,6,4,0,0
Krunal Pandya,7,Josh Hazlewood,c & b Josh Hazlewood,0,1,1,0,0
Dushmantha Chameera,8,,not out,11,4,1,1,1
Mohsin Khan,9,,,0,0,0,0,0
Avesh Khan,10,,,0,0,0,0,0
Ravi Bishnoi,11,,,0,0,0,0,0
Virat Kohli,2,Prasidh Krishna,c Sanju Samson b Prasidh Krishna,7,8,6,0,1
Faf Du Plessis,1,Obed McCoy,c Ravichandran Ashwin b Obed McCoy,25,27,12,3,0
Rajat Patidar,3,Ravichandran Ashwin,c Jos Buttler b Ravichandran Ashwin,58,42,13,4,3
Glenn Maxwell,4,Trent Boult,c Obed McCoy b Trent Boult,24,13,4,1,2
Mahipal Lomror,5,Obed McCoy,c Ravichandran Ashwin b Obed McCoy,8,10,2,0,0
Dinesh Karthik,6,Prasidh Krishna,c Riyan Parag b Prasidh Krishna,6,7,2,0,0
Shahbaz Ahmed,7,,not out,12,8,5,1,1
Wanindu Hasaranga,8,Prasidh Krishna,b Prasidh Krishna,0,1,1,0,0
Harshal Patel,9,Obed McCoy,b Obed McCoy,1,2,1,0,0
Josh Hazlewood,10,,not out,1,2,1,0,0
Mohammed Siraj,11,,,0,0,0,0,0
Yashasvi Jaiswal,2,Josh Hazlewood,c Virat Kohli b Josh Hazlewood,21,13,6,1,2
Jos Buttler,1,,not out,106,60,20,10,6
Sanju Samson,3,Wanindu Hasaranga,st Dinesh Karthik b Wanindu Hasaranga,23,21,11,1,2
Devdutt Padikkal,4,Josh Hazlewood,c Dinesh Karthik b Josh Hazlewood,9,12,3,0,0
Shimron Hetmyer,5,,not out,2,3,1,0,0
Riyan Parag,6,,,0,0,0,0,0
Ravichandran Ashwin,7,,,0,0,0,0,0
Obed McCoy,8,,,0,0,0,0,0
Trent Boult,9,,,0,0,0,0,0
Yuzvendra Chahal,10,,,0,0,0,0,0
Prasidh Krishna,11,,,0,0,0,0,0
Yashasvi Jaiswal,2,Yash Dayal,c Sai Kishore b Yash Dayal,22,16,10,1,2
Jos Buttler,1,Hardik Pandya,c Wriddhiman Saha b Hardik Pandya,39,35,13,5,0
Sanju Samson,3,Hardik Pandya,c Sai Kishore b Hardik Pandya,14,11,3,2,0
Devdutt Padikkal,4,Rashid Khan,c Mohammad Shami b Rashid Khan,2,10,8,0,0
Shimron Hetmyer,5,Hardik Pandya,c & b Hardik Pandya,11,12,7,2,0
Ravichandran Ashwin,7,Sai Kishore,c David Miller b Sai Kishore,6,9,3,0,0
Riyan Parag,6,Mohammad Shami,b Mohammad Shami,15,15,4,1,0
Trent Boult,9,Sai Kishore,c Rahul Tewatia b Sai Kishore,11,7,2,0,1
Obed McCoy,8,Mohammad Shami,run out (Rahul Tewatia),8,5,2,0,1
Prasidh Krishna,11,,not out,0,0,0,0,0
Yuzvendra Chahal,10,,,0,0,0,0,0
Wriddhiman Saha,2,Prasidh Krishna,b Prasidh Krishna,5,7,5,1,0
Shubman Gill,1,,not out,45,43,17,3,1
Matthew Wade,3,Trent Boult,c Riyan Parag b Trent Boult,8,10,8,0,1
Hardik Pandya,4,Yuzvendra Chahal,c Yashasvi Jaiswal b Yuzvendra Chahal,34,30,12,3,1
David Miller,5,,not out,32,19,5,3,1
Rahul Tewatia,6,,,0,0,0,0,0
Rashid Khan,7,,,0,0,0,0,0
Sai Kishore,8,,,0,0,0,0,0
Mohammad Shami,9,,,0,0,0,0,0
Lockie Ferguson,10,,,0,0,0,0,0
Yash Dayal,11,,,0,0,0,0,0
